path	sha256	bytes
PROJECT_STATUS.md	af524521012b5486af45879d082f652874c4f27c79a0aa301d4bff6cf65d80e1	3392
README.md	ee849f1bf16b63f66f1330cfd8c11b34a5d594bbecc9fa354696e421d1373620	1207
config/AMENDMENT_001_PHASE1B_METHOD.sha256	233cbf52a913834c0acccc386c6b36e482eca1244ca92d5f8950d5f809d9ffdd	211
config/AMENDMENT_002_PHASE1B1_PHASE2A_METHOD.sha256	caa161c63d9041883fa105179d61c159da2b2b0b4a4b654f0a1b6e302dd61b12	223
config/ANALYSIS_LOCK.sha256	5aa5baa4cfabcc54ecabfeea3fa03a6fd0618075f040dc25ae7f2746eb95e58b	238
config/amendment_001_phase1b_local_rg.yaml	d0a33778ee04b2e4ad2611929179706223ebe53ef65f30c695e188a7922de05d	3631
config/amendment_002_phase1b1_phase2a_mr.yaml	09de478092ea08fdbcae1e4ad2303730cd3bc2a28f474be7c91c3d312d9e7232	1960
config/analysis_lock.yaml	49e3502ef5a1b3b901f4fecb986af9609e558d59078c4584b4351c596817fc06	8044
config/exclusion_log.tsv	c369da091d981d7a3fd1edfe1a440855a19f29ca67bb3ac2a36ca7a88f253b7f	1993
config/phase1b_pair_admission.tsv	8a880848b3e2466064f158ca81a87ca2507d5a65bbd2e45b693e3e8937192e7f	15878
config/phase1c_coloc_admission.tsv	4f0b716455052a1e67d82682932402057d9e92523982884c46646c3ceffc98f6	471202
config/phenotype_registry.tsv	55958c7d572476729570b9b7db7273605ac9204ee20a264cd1fe03957b767577	23701
config/retinal_trait_admission.tsv	def0fa839b1503a425505475e0f9ade469e729db2ebf0b6899af5571d3c9307b	2700
config/sample_overlap_matrix.tsv	e43aa5af890729658994d2b62c45c279ce652f658a39fb8d05e68d797474b29b	74391
config/systemic_trait_admission.tsv	069024d6b88b932d9170717680403fe7e2de4cd6241e7fa9127950804b267212	4095
data/raw/PARTIAL_DOWNLOADS.tsv	f714ea1333b2b12f6ae8a15ae46ed37573aabd98605f8f57f53b4ab147483e47	3280
data/reference/1kg_v3_manifest.tsv	278dba341cc799057b0d229ad513eefeae84f4f9f8fab2060d1b9d87033cd762	202
data/reference/hdll_manifest.tsv	11f74cb1c2da41f71236cfb03d64c92f7b163b605101943a5964364b827fa8aa	488
data/reference/lava_ukb100k/LAVA_UKB100K_MANIFEST.tsv	aa0e7693445f91675996f1cd909f8908d1cc29db5d6633019d00f49182379f81	2756
environment.yml	b6a0a2b3fd5946536d41e44c28d0854550f4b2a488760fe9964f2490f1db8cff	248
figures/hmg/Figure1_biological_framework.pdf	f242c8718d9ebd8e56d60ae8a57060c537e9a898bc34ffae240692756b16650b	45966
figures/hmg/Figure1_biological_framework.png	faf36823b212afea9100a9de2b00492541dfb43d3171850f39331904a9651801	413844
figures/hmg/Figure1_biological_framework.svg	c593a211b75c0dcf410265771335e07a003d92a1af7a9f69b578480915e2354b	15261
figures/hmg/Figure1_biological_framework.tiff	6d43a8e95510f5e3119a86203ea94dd9a6ba7b42486707b86653c8b39a1f3db4	27869054
figures/hmg/Figure2_integrated_evidence.pdf	f055620ae0f07e64d8bf43b6e40845ca4cdc7419ea6b57d25b74f2e4e4f943b0	42703
figures/hmg/Figure2_integrated_evidence.png	5cf089f36bc307232148f84c1d1874d482664e1599e47638858c2d558dcc6963	334319
figures/hmg/Figure2_integrated_evidence.svg	213e6e72405330d4e328daad3b090ebc87d5153dcab1a5b880bf9d1d822683cd	11782
figures/hmg/Figure2_integrated_evidence.tiff	bc612db78dcc1a83360eb6b2e8828f406b726cb343bc5249c37fb22ac115584e	26287170
figures/hmg/Figure3_local_method_sensitivity.pdf	01990c17249432dcf2b5afc638d4dbaa68419f031e0f0621085c381cc4a77785	43401
figures/hmg/Figure3_local_method_sensitivity.png	e0bbb4893eeb9d134ee0c47c59b6ab5f1541e3c2450fed9fb54bd4a92031270e	306983
figures/hmg/Figure3_local_method_sensitivity.svg	3c2b55e9e01eec658515425390bc3f4999e7d8374bba9d2a9dab35531519b627	24033
figures/hmg/Figure3_local_method_sensitivity.tiff	88f7ce7d5a0759d846d4f638453c4fb065ec2d4009cb1f2df281789f645c2520	30692066
figures/hmg/Figure4_CRAE_CKD_directionality_audit.pdf	b665e2e19559ea5bd153bd65ad94a13167c67480b2014289c2705e39fef84b34	45823
figures/hmg/Figure4_CRAE_CKD_directionality_audit.png	9faa1e72102e3c691f185d31094a036037fa8ce2c06fac08074e9e7b6dcf0090	297292
figures/hmg/Figure4_CRAE_CKD_directionality_audit.svg	10c4cadc7bcb67435a3b9aaf5886fd3849739d2aaed9da20c33c5763f5cfd6cb	15852
figures/hmg/Figure4_CRAE_CKD_directionality_audit.tiff	058ba83146bd4addae8f358e61eb25ca2c2df88ea1e014294e8b23a01f9d9557	33807494
figures/hmg/FigureS1_global_rg.pdf	8f99dee595322cce92fa5eda3372f1b4f4ddb74596925cad863ed1b1f4d796ca	44397
figures/hmg/FigureS1_global_rg.png	f0b386f74e76dc685643a8cdf270ce370e94ab703d4c8e4ca79d8474835aaabd	371562
figures/hmg/FigureS1_global_rg.svg	eeea98df82f124d3cafe559a2572a79aca78ab0b88ba9abe2efba2adc90e4bc4	46177
figures/hmg/FigureS1_global_rg.tiff	efaee64445922ffb9d99647e0fd3f884cb5bab5c8e877f0c8f9ec63bd7befa15	50081342
figures/hmg/FigureS2_MR_atlas.pdf	5b594cf2589a6846a0f02ef3df30706b140564311754aa7a899bd8a931168fb3	46668
figures/hmg/FigureS2_MR_atlas.png	0ad06673dd6e25267c4e3c073c2ea7d9d59fdc0f453195054627173e61d707bc	443335
figures/hmg/FigureS2_MR_atlas.svg	9538a90ec9542e0ac8bace245577b33fa36dd2b9edbad9f75b75a9648ab9a502	67143
figures/hmg/FigureS2_MR_atlas.tiff	fb08a70c9c710e0cf511cc00bac568875ffa427a97d27114e081e117c5ca9240	54387806
figures/hmg/FigureS3_LAVA_boundary.pdf	7348650fd60b2f20846c0f053a4694c243ca2153d213490023592e5a0aca44f0	41385
figures/hmg/FigureS3_LAVA_boundary.png	c5b3b8d18b199edc05cb40871fbc0966e1c4838bb8aea2dc7953d74f32d1be2f	212690
figures/hmg/FigureS3_LAVA_boundary.svg	d0258095c95d1a060308faaee1ea7e24b9008657c14207231e22b977f07853c0	10463
figures/hmg/FigureS3_LAVA_boundary.tiff	6116ddccd4ab30a662be339f378a1709f022b09fb639b15f465dcff6603cca89	39318486
figures/human_genetics/Figure1_cross_method_framework.pdf	d56904bb3983294318aa9cb168c7ce04fccd3087db359645bbc6734d39cd04f3	41935
figures/human_genetics/Figure1_cross_method_framework.png	83d60c146d326a3efbcfcaaf4b08709fa0ccf17dc7ef9a1dc7588e91f5c95389	265627
figures/human_genetics/Figure1_cross_method_framework.svg	dd9f0754f54ffc6a3d67857f9f89f68342561195c46970ed1e45a27e106dcdb0	11398
figures/human_genetics/Figure1_cross_method_framework.tiff	fdd75ceffc4aef4847726cce37a09dc8a2e386c356dca64a1ecc2daea6890392	22167662
figures/human_genetics/Figure2_local_method_discordance.pdf	ad736ab3e1cd04f6dc65a1d039f9181624a0e86dd5a4825f59ee179e4aae2a03	48992
figures/human_genetics/Figure2_local_method_discordance.png	3de35f80ff890d2dbcbe1a31dad35db19e8bb23fac91b92d70a1c49db527ccd0	420595
figures/human_genetics/Figure2_local_method_discordance.svg	1392fd9ed1a47c7ec26b9d0d379dd82efda710533027e80ee21fe68772c4bd77	27745
figures/human_genetics/Figure2_local_method_discordance.tiff	e8977c4f5775cc31e41d55a9cdf71320eabd2c65af0cae6023cd72895473e096	48376946
figures/human_genetics/Figure3_MR_and_CRAE_CKD_audit.pdf	064b7d079145d20e263205da050f9a210477f5440172b743008f9ec35a68e79d	46424
figures/human_genetics/Figure3_MR_and_CRAE_CKD_audit.png	7f97cba16959687335d6666eddf937cd6a6b187c969e7d7f70f7967760838448	303550
figures/human_genetics/Figure3_MR_and_CRAE_CKD_audit.svg	b00df295978a1eb3a26f397c91b128fa01a08ac1621b76cf9af3aa901f0a811a	15106
figures/human_genetics/Figure3_MR_and_CRAE_CKD_audit.tiff	efa783c10cfbe8d97ac866efa2274df51a1881121449cfef284551615e6f8202	33807494
figures/manuscript/Figure1_framework.pdf	6a1b6e95c835e27bb4649c4d51112be1a9f6aa0b78fb44b42d63c14e92489cd8	45671
figures/manuscript/Figure1_framework.png	2889ea779f892da523a8cdfe8f23365b7b73ed75971d0d8ea9fd956671c0f2ad	289911
figures/manuscript/Figure1_framework.svg	75c755167a6f671f420835972d510756528978d4ba099805de7ec91cb184bcc7	11463
figures/manuscript/Figure1_framework.tiff	3d870e9bbb8fb9f69fd862bb9063a49e42b1edc22d427b6e03b6028e4beccabe	22167662
figures/manuscript/Figure2_global_rg.pdf	dd1c1dce1c500d919ca00bfb6597ed7ff185c4402ad6e52d562b2935f1b06644	46996
figures/manuscript/Figure2_global_rg.png	a628e97630e10ba974dece60c6357e3d58820023da1e02a07f0ac1e1f06a963b	305903
figures/manuscript/Figure2_global_rg.svg	337678146cdea9aae8dcfb110102771fe13fe00a51199089a647cf379d7e91b5	46311
figures/manuscript/Figure2_global_rg.tiff	4d5f8001508cf716e30b9bf5d843251c71129bd2aaedc97843487aa58ea0480e	50213166
figures/manuscript/Figure3_local_method_discordance.pdf	22a955697f33f9f63ecc2b4a77a93e67c3fb64171e7e0c8d1de684c2447e0342	47343
figures/manuscript/Figure3_local_method_discordance.png	1e5909a5cb64f403dff449e2bb13ded0c5ed6e3c2ba1ec19775122eff1cb5710	413959
figures/manuscript/Figure3_local_method_discordance.svg	6845ea1925b2c0d7f208de6601420b159091f32c8c735395586441bd61103662	33326
figures/manuscript/Figure3_local_method_discordance.tiff	880ec887d6a8ac4c3ef36a79fd96c10b086f55add98821e43ff65b53c5e826e7	48376946
figures/manuscript/Figure4_MR_atlas.pdf	acb5bc960f354dfa6c47361d24d5eeebb808d60fd587c26c746a6bdfd61da66e	40409
figures/manuscript/Figure4_MR_atlas.png	32d9dcadb9f4d588a4e80491f009da9ca075445866f7b1f0b4519fc50e040f16	425035
figures/manuscript/Figure4_MR_atlas.svg	726b91db013b787c46d0d93cc4105b53f29b5aa764f40823dca2e545dfacb079	74117
figures/manuscript/Figure4_MR_atlas.tiff	39b86e3ed4ca02d3f4b48291ed3f89c24a8373963414d891905c3850039df23c	50537462
figures/manuscript/Figure5_CRAE_CKD_QC.pdf	0792b153dec0b62665cbeaf8d7ac45e5e27893b23a41d89fb73bcaf212d688d7	46844
figures/manuscript/Figure5_CRAE_CKD_QC.png	98b88d9c54bebbbe9fcf7d5366f629cfb39c2bb3a0a28b2624bbc44116261730	249800
figures/manuscript/Figure5_CRAE_CKD_QC.svg	c9e49654a73c03e27919e154ecc00cd2c54d7f5d76f7734c86ad2e1d03afe2ae	11662
figures/manuscript/Figure5_CRAE_CKD_QC.tiff	982440072ec648412ca1adf25c8a61187d8faeb88cfe1858f91ca01f309ddf14	22562182
figures/phase1A_rg_heatmap.pdf	39ddb96e2c1424273532acf2866edd3ecf3160d16d4bfc901db5cebd32f788fd	25462
figures/phase1A_rg_heatmap.png	5e778090c5019d1b345911da154a606c3c6d0d964faa58ebbc89b70869288f4f	414197
figures/phase1b/Figure_3A_local_rg_method_comparison.png	62b27271a7973793b44f388328e95b40ba3443d9ffe56bf7e439838a1dfcb520	255234
figures/phase1b/Figure_3A_local_rg_method_comparison.svg	92d9a5acfb344d0d3ec441a4ffcbcddc175133b1489f746f54de6166e49198c1	142432
figures/phase1b/Figure_3B_local_shared_loci.png	85f93d348cabd4d220641eb757ef713d72b57850faa0cb4787bb33deee2c981c	77001
figures/phase1b/Figure_3B_local_shared_loci.svg	1f1574faff824d99322945cb30321bb510c56604a3b0fbb85e842057331e6f68	28782
logs/PHASE1A_COMMANDS.md	f32b31a40dc97d9232f4c564fe348a7dac8d1dc5e1402af2f9cb11a1a9de7095	832
logs/PHASE1B_COMMANDS.md	daf45a00579a5f54714258476eac73f1cb5d297771cd7c5f86c0474ca9bbecb4	1464
logs/phase1b_hdll/ret_art_density__sys_cad_nikpay2015.log	38d49cf79bc215d64b281d3627796aa74b731629c3b492214373a9740467aebc	3482657
logs/phase1b_hdll/ret_art_density__sys_ckd_wuttke2019.log	18bafbb2dfc5bfb195a725f1b8ee3d0b97a604dafae9f50cb468ec7b9b35cedc	3486789
logs/phase1b_hdll/ret_art_density__sys_stroke_megastroke2018.log	6f2709a0caa6575dbcc76e3afbb36951e74669b54ba94652fd6fc02cc0943229	3448500
logs/phase1b_hdll/ret_art_density__sys_t2d_scott2017.log	4b6e465b74fcbc9d47038a6eaab75bbb091ffafeb241f0743334e01a42e0fb71	3368952
logs/phase1b_hdll/ret_art_tort__sys_cad_nikpay2015.log	e823a6c36b5a855a98070a28a9f4be78d345a8ced25f0c63286f789609e12180	3422103
logs/phase1b_hdll/ret_art_tort__sys_ckd_wuttke2019.log	b1289e8b74efb98a63fb338da3f37252b64435a3d95fb2d29117a1767e712c71	3440089
logs/phase1b_hdll/ret_art_tort__sys_stroke_megastroke2018.log	196e9d32b7824fe61e0af4d56a1a704ca62957e5a313873a5e1033022218a91f	3398715
logs/phase1b_hdll/ret_art_tort__sys_t2d_scott2017.log	9f2733fb907e8c1f67d5a79fb4722c6536d0a6dc41ede3ff9d05baefbf526866	3312641
logs/phase1b_hdll/ret_avr__sys_cad_nikpay2015.log	c072f25eb418f491b50313d55766c02953a55f20a1d5c7370644d8bbc3a906a2	3501682
logs/phase1b_hdll/ret_avr__sys_ckd_wuttke2019.log	417dadc9f9e6b199f03a4faf3076003ad905adb12731aaf307368ef077982766	3520942
logs/phase1b_hdll/ret_avr__sys_pd_nalls2019_clinical.log	b2d890bbafba6b8310666737ee79cae0e83b199839b58fb64c86ce6a125f7b64	3499276
logs/phase1b_hdll/ret_avr__sys_stroke_megastroke2018.log	637b3b3563468545a57fa0e1d613aa8dbea10e4d1b6c19b7f686f7ee8995d88f	3472661
logs/phase1b_hdll/ret_avr__sys_t2d_scott2017.log	ee96571c029c850bd18e3b8374483216a8ada01ad56cce9e8f57ec32682d8ed7	3412572
logs/phase1b_hdll/ret_crae__sys_cad_nikpay2015.log	bfeef550274524fd906ee354fd727053e8b100f2d439954051f766b8a8a4c515	3482861
logs/phase1b_hdll/ret_crae__sys_ckd_wuttke2019.log	2f5ea49952ed1c9d4cb926fdc75338cdbef7552a6c5185d251f2347aa048c0b3	3497981
logs/phase1b_hdll/ret_crae__sys_ibd_delange2017.log	f26d098649bb9ef0da04a3b7ed8a0746602d0d649b3d04667c8efb6458f40ac6	3726521
logs/phase1b_hdll/ret_crae__sys_sle_bentham2015.log	c77fff003dd83a216c2d9f187b728c852188ce49cb077cdb8a126ddb16216444	3765989
logs/phase1b_hdll/ret_crae__sys_stroke_megastroke2018.log	b62e790282524918b8c85ba8828eb9f6e386f35a185f9383a12a2c1b914dd913	3452843
logs/phase1b_hdll/ret_crae__sys_t2d_scott2017.log	08e758f32a6e141ec9dda48fe9c0ce0a7fd4b522da8ccf9493954257641ba314	3383349
logs/phase1b_hdll/ret_crve__sys_cad_nikpay2015.log	6f95fc967f616d6228cafa6e98ed1321a186029c0532c009c3eeea87d7326df1	3481632
logs/phase1b_hdll/ret_crve__sys_ckd_wuttke2019.log	53bf8dffca443ff797b978cfc560b87faa107f352ad81df7d8501c71b9727be3	3487442
logs/phase1b_hdll/ret_crve__sys_stroke_megastroke2018.log	255752db33242f08b7801f5bb95344788d52426a87e9bc1c2ed417996b4863e3	3457859
logs/phase1b_hdll/ret_crve__sys_t2d_scott2017.log	bf224eb126586e7526f5898b0a5b929017e6c1a5ac50be23dd1bf43e9f9e8386	3386496
logs/phase1b_hdll/ret_elm_isos_left__sys_ad_kunkle2019.log	132d8d8d39008d91a9d22750debd5614818f0d0c34a026b6932c558838e30e95	3627514
logs/phase1b_hdll/ret_elm_isos_left__sys_ckd_wuttke2019.log	40636caf9f06387b6e4065f3ef5a47ed4fa421cfa2da42a8119bef53aea93748	3652579
logs/phase1b_hdll/ret_gcipl_left__sys_ad_kunkle2019.log	e6d3a75466d0de0c384fffff792db69bb675cd9d1f4495193a6b2de83c49d10b	3594243
logs/phase1b_hdll/ret_gcipl_left__sys_pd_nalls2019_clinical.log	7786217df31cbec211563506aad4477a37180a5aaf48f9283de3b06e7e533b44	3624365
logs/phase1b_hdll/ret_gcipl_left__sys_stroke_megastroke2018.log	44a179e9956085d3a38c536f5f07aa11a709a81591171540881bce2119267cd2	3611064
logs/phase1b_hdll/ret_inl_elm_left__sys_ad_kunkle2019.log	8c95b5976d4c84e8c723cb0bf2dd05c904c66b4fecd1c1229283e61708920718	3592268
logs/phase1b_hdll/ret_inl_elm_left__sys_pd_nalls2019_clinical.log	9cdea1e727d222be1da0fbd2e72486a97c625db05dd62a7f17a9539c57834949	3613466
logs/phase1b_hdll/ret_inl_left__sys_ad_kunkle2019.log	9aecdda280c041f4a1ea888bd6e8d087c232ed14dc732b31b8d145518c7e09ca	3589009
logs/phase1b_hdll/ret_inl_left__sys_pd_nalls2019_clinical.log	f02fbd8fb8ad9db99cb132cbf8f1349fa7d1bbd4a88cde7f305b44230dbdb674	3610792
logs/phase1b_hdll/ret_inl_left__sys_stroke_megastroke2018.log	be9c4500c46656606a48a59599a35596ed33912669d8aa07bd43eb2c535c742f	3601168
logs/phase1b_hdll/ret_isos_rpe_left__sys_ad_kunkle2019.log	38399de5680a94a7a3a605aa5e477efb2dc670e233ba7e77d066bbb94367f80f	3467771
logs/phase1b_hdll/ret_isos_rpe_left__sys_pd_nalls2019_clinical.log	79349aa14500ed082a0a9447f4620054721ba31248800c810e55242e723b999d	3645532
logs/phase1b_hdll/ret_macular_total_left__sys_ad_kunkle2019.log	d5b09813a0ee91d19040de93c4db0c3dc9135a5a8aa72e281ba03b9c14b237b6	3585619
logs/phase1b_hdll/ret_macular_total_left__sys_ckd_wuttke2019.log	bb569ad17e6307822aa50eab3c9be68bcab2719cf19e1e6ededf62db233cdeee	3622254
logs/phase1b_hdll/ret_rnfl_left__sys_ad_kunkle2019.log	cf69e3d72be5e00a86e30ebbd5fbb1b7672ff67e9a93607adb9159f57faa411f	3619440
logs/phase1b_hdll/ret_rnfl_left__sys_pd_nalls2019_clinical.log	7e2f54493758eb0e0085c6aef8bc2ed5aa3b932ca6340f33ef92535a6d4b563d	3650620
logs/phase1b_hdll/ret_ven_density__sys_cad_nikpay2015.log	18d4a2ce6b18c248415791dbc20dd4f59403c90b3d94ae3b77dbffdb32ff3aec	3488528
logs/phase1b_hdll/ret_ven_density__sys_ckd_wuttke2019.log	2d22ad2456c70f18682984d1f853e9b573df9826c14e1cc1a1c5b421af106ae8	3491544
logs/phase1b_hdll/ret_ven_density__sys_stroke_megastroke2018.log	e96c622faabad2fd4fa16c39d5919e651933b3564326670eb261e245c0b8866b	3456011
logs/phase1b_hdll/ret_ven_density__sys_t2d_scott2017.log	ccf9852ed031abe9ef67adbcf4ebc5a3884f68a4784ad46215ba81167526997d	3380365
logs/phase1b_hdll/ret_ven_tort__sys_cad_nikpay2015.log	6ce1b9745263990cd927419264a3beca31cd918426badacb21e8da167e7e9e44	3463004
logs/phase1b_hdll/ret_ven_tort__sys_ckd_wuttke2019.log	31ea15a44d999c85e2f71cb0930f420cf0c4ecc095bdef30e65777044f402f1b	3462988
logs/phase1b_hdll/ret_ven_tort__sys_stroke_megastroke2018.log	19f83aa2ba4fb21cc75e9597e2af33f3811941aa115cb739c2c0fa910089684a	3424638
logs/phase1b_hdll/ret_ven_tort__sys_t2d_scott2017.log	58cb20a9f3800b3a741ac705fef4ad2aa169c0fa0f13c4c1ed7be53431660d88	3354178
manuscript/FROZEN_MANUSCRIPT_INPUTS.md	3be81ca56f650bea7addcc25d8dc01db132ab97466404609d054c80a93528169	5878
manuscript/GENETIC_OCULOMICS_ABSTRACT.md	cbba0eacb08d7eb5ad2a5a474f86cc9e3c21fd778be5853a64bc4949ab8741c6	2750
manuscript/GENETIC_OCULOMICS_COVER_MESSAGE.md	02b41a8b684ed598f6d3d334451126ebfaca63a3f42853d293078c59bb9fb80f	3002
manuscript/GENETIC_OCULOMICS_MANUSCRIPT_v1.docx	d22c02122e02fc22b8aa5d49113676267bfa635786762efdaced6f221631a781	1476621
manuscript/GENETIC_OCULOMICS_MANUSCRIPT_v1.md	d4fa481504d10fd15af69d115de9fe16071495a80aeacd51e873f544fee5b8e2	38945
manuscript/GENETIC_OCULOMICS_TITLE_OPTIONS.md	33c661824448842f332167f1ff369fd22fd60f1011beac06923ff5778013def4	1302
manuscript/hmg/HMG_ABSTRACT.md	e46a89234fe1660c9c992b2116fefd99f5ab1877ae703deadd74a2ee9a436706	1847
manuscript/hmg/HMG_COVER_LETTER_v1.docx	080018585f20acbc3d6e55fb0d1d27c83e57e9eb8e7f81ec2a22a35bcccc433f	39074
manuscript/hmg/HMG_COVER_LETTER_v1.md	41ef12c49f1fcdf0449d781f9021433cfab3127d95594d911f18669834af4aa0	3096
manuscript/hmg/HMG_MANUSCRIPT_v1.docx	cd672f29c41137f2b6fc5bb8902bac03de8fcd02f7b18e7ef9083dd03989ad7e	1257245
manuscript/hmg/HMG_MANUSCRIPT_v1.md	79f0fa7b8ef54dd523c8cd7cd122c0c3e913e9d23dbd690ea8090a87a38a60d0	37884
manuscript/hmg/HMG_TITLE_OPTIONS.md	51016190eda5ae29c81892b3481447d47657f5e503c25323d745e41f863a8c7a	722
manuscript/hmg/HMG_TITLE_PAGE.docx	edd168a7642fc92f37706f7b9e371a206596242e316bd7cdbe92b0522f67ffe1	38074
manuscript/human_genetics/HG_ABSTRACT_v1.md	4d13d1665c749ff8b5499acf9e985f8945068b70929e71bc2a3ef164dcbd8fec	1948
manuscript/human_genetics/HG_COVER_LETTER_v1.docx	f7b7080329bbccd24c7201fb1f0015a54500fa3dda5b6c12beb509afb77dc657	38924
manuscript/human_genetics/HG_COVER_LETTER_v1.md	9103b3e30b509d190702ae4a457a98bb92d545849675a74d721075f9254dabf8	2867
manuscript/human_genetics/HG_MANUSCRIPT_v1.docx	062779062a7de339b984374d30ea8a52c7bf7f9e65527cec97369e8b061b208e	1210328
manuscript/human_genetics/HG_MANUSCRIPT_v1.md	0b50d72a5ce1c3c78aa8ea377a89f09cc4891eab352e6eaffe9d5df7eb5f9193	30072
manuscript/human_genetics/HG_TITLE_OPTIONS.md	0c1ea30bb9a63ab11b5587e9357dafd3ee471fbc0b2dbecbfda99db170635a42	842
metadata/PMC11258354_SupplementaryFiles.zip	97e54bbd95d63f56250f05214dd1ccb05cc0c2e5e39e35acaadc51fe9a0cce4f	42925409
metadata/PMC11542103_SupplementaryFiles.zip	76605f342302ffd8a27578b1a546e0772a809aa7f11f7bd55a280b6d3ee16aa4	23735932
metadata/PMC8143408_SupplementaryFiles.zip	33ce53cbfcae11cbfaa6f1155b48eb7d25e101159d23cfd55a9f5c811409172d	1623881
metadata/PMC9997913_SupplementaryFiles.zip	88a9c6d70891cbc1e233efcb42643557d3acbee96b8a5c6779728b0d8a0deaad	1793705
metadata/Zenodo11217687_ID_OCT.xlsx	c58288b785650def15bd1c21a57c52372106c5e5c51082eafd9a34bb98ba124f	11692
metadata/eye_brain_supp/41467_2024_50309_MOESM10_ESM.xlsx	2e699ebcd2d35bab407b3e3ae1abb514cf0483a379edea03ed79552a1c400cc8	3930894
metadata/eye_brain_supp/41467_2024_50309_MOESM11_ESM.xlsx	732b6cfbaf2e29e2621e82954fd8cd290eff3cbc091ae90f1a16675fc4462318	22766
metadata/eye_brain_supp/41467_2024_50309_MOESM12_ESM.xlsx	cade6b486c1da90fa08851e5b8ebec48a0dbf08792e2681d64626a077eba21b1	318274
metadata/eye_brain_supp/41467_2024_50309_MOESM13_ESM.xlsx	e7728d8847478d98e69075e1aa3024accfac91d2b90108341d18d0d7e993175c	883217
metadata/eye_brain_supp/41467_2024_50309_MOESM14_ESM.xlsx	1137b59a2db12c6cb56e532b2b7afd19602b110db380cf7c0fa2813ad862e3d0	46771
metadata/eye_brain_supp/41467_2024_50309_MOESM15_ESM.xlsx	ce8606103c7bafe497735d64d9beb6e3154513c6999fab0b65990d5986637ed0	25754
metadata/eye_brain_supp/41467_2024_50309_MOESM4_ESM.xlsx	4f91cc762eade1d7ebdaab47efc1a53abf7a2805db9ecf2fa757aadccd28f92f	28430
metadata/eye_brain_supp/41467_2024_50309_MOESM5_ESM.xlsx	9510b019d37f494e12ca39bd34df6e14c4b607e6f8f23995286cebe2a7a14f73	109312
metadata/eye_brain_supp/41467_2024_50309_MOESM6_ESM.xlsx	44fc243460eb308f87b3dea7af137f865b55c680e0f9a4db71911196cf253764	23793
metadata/eye_brain_supp/41467_2024_50309_MOESM7_ESM.xlsx	404f20391fad6ec98a56121c5e3dab694ea52ea58920f8e2949ff885d0507bc5	436134
metadata/eye_brain_supp/41467_2024_50309_MOESM8_ESM.xlsx	ffdb4373d50b24f89c7fc9f651b814bfd3094ba2e7dc3f34f45c09a003d5aa09	1060304
metadata/eye_brain_supp/41467_2024_50309_MOESM9_ESM.xlsx	2a6bafbb3020300cef88c6b18da0c883715237de24a9395f0319009d8c67e933	46511
metadata/gwas_catalog_meta/GCST009324-meta.yaml	67bdbc9c0a7b9da07654576198dedb9124c28c6d470fa2d2c6c187f236d6295d	722
metadata/gwas_catalog_meta/GCST90243953-meta.yaml	1c0a25b7a86baeaaf96c2782fd3d1573964ec33b5647d8d6bb07076a257390a3	1012
metadata/gwas_catalog_meta/GCST90446760-meta.yaml	a88b0e96d39d704aab6068dc0fd09a959977968db11899a525957d0d8a29f399	1102
metadata/gwas_catalog_meta/GCST90446761-meta.yaml	541ba4d42e5b1d65fbf4fc0b625b92abb7b825fcaadfe95a3c849f263c8d412e	1099
metadata/gwas_catalog_meta/GCST90446763-meta.yaml	4495e578672c44b9519db34339239fa176f55549982362e4c641f9212d79ea12	1110
metadata/gwas_catalog_meta/GCST90446764-meta.yaml	dcd00d35aecbbc7370ca4fa6758bea5c7d9f7f61fa48730a38d5fc446dd9215c	1104
metadata/gwas_catalog_meta/GCST90446765-meta.yaml	aefd9e2c012d6e2daf191fec2c28a4d16ec93039b2a6f8abf6466cfed3579dc0	1113
metadata/gwas_catalog_meta/GCST90446768-meta.yaml	4685f6d300806f63f697ef9ab78d61bddbaf9ddb17245e8f0c6f9dad420ae78d	1106
metadata/gwas_catalog_meta/GCST90446769-meta.yaml	12d6b48da048fee48349464466b01737da686a102b35dc0018a9734f906bfd1c	1105
metadata/gwas_catalog_meta/GCST90446774-meta.yaml	25af822abfbae27685cad5f585d0decaf94d47792c9f2f354a05e303f0c05be1	1115
metadata/ret_art_density_qc.tsv	095fed6869d20dc8bc8b7e213f5e69024d987be77ccc714a6420f0771e1c6e0d	1066
metadata/ret_art_tort_qc.tsv	e17e9d3ce68648200c6762befeb70b28bc82624188250837cc41f6853a2e1a2e	1061
metadata/ret_avr_qc.tsv	f5e214eccccf6fe539397ce2a61a0be531b95ba46613498ecb2d81be4f04eae3	1050
metadata/ret_bifurcations_qc.tsv	aedfdd7787f7204ea1dcd345899e9ad344220272fd87259d7c8c01e73bbb02b4	1068
metadata/ret_crae_qc.tsv	73d0006a3be4620ba38da026f0c89f0d544b55a74cfeca9b4043bb8e88c6f68e	1052
metadata/ret_crve_qc.tsv	8d6675dccb16ef9875cf44c80cc25d72ca4183c1391cdafa0d6cd08e7382ab4b	1053
metadata/ret_elm_isos_left_qc.tsv	91c1d3c0b2500b18e0a9207777f2322a0740fb0f59798b32fd4c914ec8abe509	1073
metadata/ret_gcipl_left_qc.tsv	73724ebf94eb4284635abdd999e18ab493875c579fd4bba281ad0016ac796a8a	1064
metadata/ret_inl_elm_left_qc.tsv	be2fdef9c822c8d4d8b2d535629c43fe6e0347c5d4cfb10bdd467398e11f650a	1071
metadata/ret_inl_left_qc.tsv	36b85aeea663c4f8300feb2f41e7f5b7c861db1f6be25435491207ea19151eea	1058
metadata/ret_isos_rpe_left_qc.tsv	248aa3a0f11bcc98fa0376578aa559d317a732a1f17a179c109c6ae079fff3c8	1073
metadata/ret_macular_total_left_qc.tsv	f1b83d5b0faebe8cc50c6445b6b45f257150acb589bf6a6d514ccf36f0f97eb7	1088
metadata/ret_onl_mean_qc.tsv	0268031f173d93d1ce6b165006140a63c6eb05132db46da0fa300f071a5d8557	1071
metadata/ret_rnfl_left_qc.tsv	36ef51b653cd1968914f5e1796dafddee14d165521df3ee63fea9e42914e3397	1061
metadata/ret_ven_density_qc.tsv	d910e1a0a6d4ca0304670790e0ad308a0fcc0eb541a957e624f5d9a858a68052	1066
metadata/ret_ven_tort_qc.tsv	136f971d51477913722c7e8e6fb5a92326134f7ff3897f8a24b292b1a4310bdc	1061
metadata/sys_ad_kunkle2019_qc.tsv	5d1b2db5677d66c8731c19238e675f18dfad8f7f296c608c5491bff18845d73b	1087
metadata/sys_cad_nikpay2015_qc.tsv	326fb421f139c8cdb5e562fa6cb004c6c8cec1379f895be70f78810758c7fb89	1077
metadata/sys_ckd_wuttke2019_qc.tsv	059d3e405fd8e6036f42fbcb167d3edfa47348e05f95a08a488dec54d63ab7e5	1097
metadata/sys_hf_shah2020_noukb_qc.tsv	e063fb968af132b8929a77dd4692d9e6c384368e021bdf0749f974908929ea67	1681
metadata/sys_ibd_delange2017_qc.tsv	3f4f395b3f4f5bb5d28161f8b466420062f1a50a01392a0cae61d21c7d7c61af	1100
metadata/sys_pd_nalls2019_clinical_qc.tsv	68c48dd483eee34f2f7ea74ecfaa0f076ae307cd447becad5aa82eb5c01b4f46	1085
metadata/sys_ra_okada2014_eur_qc.tsv	ccf66a86126d803020c3d38d8ea23928165950776523604cabd152105e6406bc	1712
metadata/sys_sle_bentham2015_qc.tsv	34eb2e424c882579294b92e54f7272dd20c28611d22b89574f3c2d57db84a003	1120
metadata/sys_stroke_megastroke2018_qc.tsv	c106c5658e04e35ddce8bfbc018e195919133623f5e6c4e5074cc191d39c7a83	1119
metadata/sys_t2d_scott2017_qc.tsv	36f004f882686d0b89b5e7c12845a25842d3af47f29db2148893a33496a73bf1	1088
reports/AMENDMENT_001_PHASE1B_METHOD.md	f812709d80d09fcc213a8f5ed3b763c7024cf499b228c3f1b442c81aa5acaf47	3612
reports/AMENDMENT_002_PHASE1B1_PHASE2A_METHOD.md	20063097c59186c6c3cdf49a6a573542ddc9ad70476681c6df594a8f4a967048	2243
reports/ANALYSIS_LOCK_REPORT.md	e7c76302c7656d2e364932323681e52ddfa44446c0dc41565b9957ae0d6b9a8a	2295
reports/AUTHOR_INPUT_REQUIRED.md	51b0c270f23784aea19ffc0a87ef0d28c97fbb6ca4d64a304f2b99148864d942	2358
reports/CURRENT_PROGRESS_AND_NEXT_PLAN_2026-09-18.md	49cf23069b577f978e2238d05f01ceb1aedf8374923adf40bff9011041c98221	7260
reports/CURRENT_STATUS_2026-09-18.md	14dc3cf24f0d9c0394cb9c4b7c12bab12cb15f18c62643b7bf4067bd54f0613e	4241
reports/FIGURE_AUDIT.md	eb23f20e296415e84c2cfd5669177f22fd1fd2944bd2e5aecf86fd5c505136ed	1216
reports/FINAL_EVIDENCE_GATE.md	6ba414fd4b66b97dba49c8cd4231d306c0eb645fcc4c5c6b9c6400af618b317e	3038
reports/HG_AUTHOR_INPUT_REQUIRED.md	f70d2e6b7778f9853abc644db8aa4e77f7ff6172e68c434b3405c7290eade039	1233
reports/HG_CLAIM_AUDIT.md	51fc96d35fba95c23fc0ad0bae8d642f269901f92998d0243d17fd0b1d50f64c	2800
reports/HG_NUMERIC_AUDIT.md	d8a2d5328169d2932d322ebe9f119ad7b22d081f956184e7ac0064b8f42a4ba8	2153
reports/HG_PRE_REVISION_AUDIT.md	af634cd7c904973013707c2185c04e7f237e99ea6e5483040389a1aa6d6b78f9	3944
reports/HG_REFERENCE_AUDIT.md	375d7032694ae315f84ba86f2ed0df88db0fdb2fb720fc9ea600aa72a89b8f98	1987
reports/HG_SAMPLE_OVERLAP_RECONCILIATION.md	83e2914f241fab71f74d382d56a7439595a0f50993527af6e28f1d8581e52d80	39378
reports/HG_SUBMISSION_READINESS.md	38f188e5c80aafd8cc5f85dabeadbabb82558d1ab25c0b73fb93c46aecb548a9	1870
reports/HMG_AUTHOR_INPUT_REQUIRED.md	2b3e64d51f85970fc018fa8ac2cb0169a50c34a0cbc7e8df123d921c1656efc3	611
reports/HMG_CLAIM_AUDIT.md	c3475650455ff5fef0c1f028b8ec249163d7f0c6127d5a741ccbaf10db065769	1425
reports/HMG_DATA_CODE_RELEASE_CHECKLIST.md	1a70c83da7009b417900c7a5ef08d36fd48b2ac44a9b30bf3b455d1ad5912660	1327
reports/HMG_FIGURE_AUDIT.md	4b7bbd5a209fdfd90195a9a66989eae94c36d6eae6621bbafb29ae9193ec4832	1029
reports/HMG_FROZEN_INPUT_AUDIT.md	771fed0fb71abcbe849b095c0e2c064e825b6290bc5c15bd968acb78ebef5c71	1780
reports/HMG_JOURNAL_REQUIREMENTS.md	1e464132ee4ddd090a6b1c3de4b6023e0c18171a549c21c2839424238a7d1564	2510
reports/HMG_OPTIONAL_ANALYSIS_PLAN.md	6440eb6a1b7569b71579c4731f80a95c727afa83723b6d45000a0c6a26d39498	1008
reports/HMG_REFERENCE_AUDIT.md	3fe366a22cff091866f4c890e064cdd583f780a74c1d931e5a83ce21f1fca5a5	1425
reports/HMG_SAMPLE_OVERLAP_AUDIT.md	5af34d3b65b1771b27c4f557f047cd44ba6289d90e5ca2980d433f570e2f1ab4	24291
reports/HMG_STROBE_MR_GAPS.md	181f53e11130d61c100511135a4b12bd7b905c215dae7c434809005438e9a998	1443
reports/HMG_SUBMISSION_READINESS.md	90edd4504507cbcd9da7958a224cad7f75b43207d333fe5581df924bbd36577f	970
reports/HMG_WORD_COUNT.md	9a219b4d3788a677287be08a513fe774f6d988e9dd1747bdd408eba5138301bd	464
reports/HUMAN_GENETICS_OPTIONAL_ANALYSIS_PLAN.md	eb5569ebedae2a220c431c0fc3475cec9fca73ace5a0afc74e8ff721960f6222	1821
reports/MANUSCRIPT_CLAIM_AUDIT.md	1182fb81a4164789b20c218ad5710bfe11badfbe54fb2637d6401be40dcd614d	3554
reports/MANUSCRIPT_NUMERIC_AUDIT.md	2a485f59b8a00c106a413c580dd95038853fc1fede751bf80d85680dc5c05cb4	3779
reports/MANUSCRIPT_READINESS.md	5f091e0db57b0c4e26e74e300f361de37db8710e2f220f3fe42cad7b26b65c1b	3881
reports/PHASE0A_DATASET_AUDIT.md	f53de61503f6bb3fec7581110273fb0954147b08922d8a9a6fdb84a8ce9ac4c7	3547
reports/PHASE0B_SAMPLE_OVERLAP_AUDIT.md	39c2cc2f26e697045d06459ce0cf0110815c0bf1270e62e5203f7e1af5092c36	1491
reports/PHASE0C_GWAS_QC.md	dcf90d320c29ee4538589946fbcd7d8e0c7bd3b59e9bd855e0ce75331579ddd4	1563
reports/PHASE0D_HERITABILITY_INSTRUMENT_FEASIBILITY.md	08e3e4f26aede5a8e3cfa8dd1513afbd8a601b1d52e108ac2a657af6c5100861	1784
reports/PHASE0E_RETINAL_REDUNDANCY.md	fe982eedfaca918478005e460a1e14e85a48565041e08578388187129e20a75f	2459
reports/PHASE0F_SYSTEMIC_ADMISSION.md	7162e5f796d8e58b6eb4ed620d37a3b54547fe81ed67e4ed588c9e15f7783a4e	1016
reports/PHASE0_FINAL_LOCK_VERDICT.md	340b37211ec4c489ae5292a25f67c9ec9588945afff5037fd036f4639962b394	2299
reports/PHASE0_STATUS_RECONCILIATION.md	ae307d67130b7491397155bc13cdb628eb698c3a8385e12e676cf30febcd4d36	3257
reports/PHASE0_VERDICT.md	c8db4c219f44432507999d14908757e2613b17b031f12277c8ab03231318ac8f	3060
reports/PHASE1A_GENETIC_ARCHITECTURE.md	96e2c46300a1026a4ff5902b973caf8bedef303e61ec191cedab84b2ba2e2d7f	4078
reports/PHASE1B1_FINAL_LOCAL_RG_VERDICT.md	720ea0a9d856f2ab68c8dccd39703ae4bad8be73f3f1f9d4f6e5f2a72fafce97	1225
reports/PHASE1B1_LAVA_BOUNDARY_AUDIT.md	35683b43dc82e1a5f1e72da5c3a5e7a3c62bb2a5ee010450034cb8498226bb29	3245
reports/PHASE1B2_REFERENCE_SENSITIVITY.md	0ab3d615949631b5ef75f961922d9f580d9ed65e260c988b677707f4becbfd9f	2477
reports/PHASE1B_LOCAL_GENETIC_ARCHITECTURE.md	025907821ea6cd111b0a38a045a84d0d3bae02a7ac8aa806749bc4334865acc6	1876
reports/PHASE2A1_CRAE_CKD_AUDIT.md	096b9c8b810ce9f7876b8c3d468398d4ab505b766f7f68776ed8c9321b6f0fd9	6078
reports/PHASE2A_BIDIRECTIONAL_MR.md	64e7634fc6d77ba4984a3a92812d059ed6b2866eddeba6d32c347c5c9f5d42ae	1941
reports/PRE_PHASE2A1_FREEZE.md	16e487f8ec2c2b0892ba1efd4249c9c23110290c3c4929b6deb067e5e9fd73b6	2033
reports/REFERENCE_AUDIT.md	d06a45696b46a195dce73d2a4f07d1578e735dc1411020d58b6276ec3903ae13	3675
reports/SUBMISSION_READINESS.md	76d8d02f6b60eb275da271e57c1ebe1151883d126d57ef705b97e3c68cef569b	2805
results/ldsc/GENETIC_CORRELATION_MASTER.tsv	72d0956d7bb9a437833aff1d433791ecc47611119b9b66dcfe862569e4f97b21	30436
results/ldsc/phase1A/anchor_ret_art_density.log	7d9a3804f8a7c20e0d8f2b14a94fdffdf04e6bc2e5ef0485f9841b319b99f66b	14663
results/ldsc/phase1A/anchor_ret_art_tort.log	527d897f63e05804fac726b8342383781f6e2e202676a640d405d7c66d510e41	14643
results/ldsc/phase1A/anchor_ret_avr.log	f3bf294952eba92c59a273480b40b27028bdce508dcfd415268c5c988b9a3bed	14589
results/ldsc/phase1A/anchor_ret_crae.log	22b3b6d8f9dc2196045990a1a8bf528a92486d0ce7935798b25c93f733568d0f	14602
results/ldsc/phase1A/anchor_ret_crve.log	c23d8d520bcd05dad2fa5e39945e8f1e3edbc8ffd55c3a85d1bfd3a31c433fc6	14585
results/ldsc/phase1A/anchor_ret_elm_isos_left.log	cd325af678df305343537be4fb5abe9b64a68f6c1c8a6824493b871bd4a33eea	14673
results/ldsc/phase1A/anchor_ret_gcipl_left.log	7e0152d939e2d5fecc88abc859490bc29c1acc1bbe17bc32a6a2a00dfaaef2d0	14632
results/ldsc/phase1A/anchor_ret_inl_elm_left.log	23e3eff2541de0d8762ad1f62afd0d97cf64a745e92fddd3dc10312011d52e63	14657
results/ldsc/phase1A/anchor_ret_inl_left.log	69d7d8484f6f75fcb8ae318b9e2fff71a9afd7671395cfd4378bb2525cc885fb	14606
results/ldsc/phase1A/anchor_ret_isos_rpe_left.log	6940e9c6697cb94b478aedc3b584e22e8903554580bc523eecf4e36be376fd9d	14668
results/ldsc/phase1A/anchor_ret_macular_total_left.log	ec23cfd42d3ce440c26cc6b993741dc1faf270279aa0a2f6cd86768149ad6c3b	14758
results/ldsc/phase1A/anchor_ret_rnfl_left.log	9e7eaf2111eac21a8346e1d5f3e4a7bd1ba6bb970d657ad6d24bb9c1b35d2740	14625
results/ldsc/phase1A/anchor_ret_ven_density.log	9c496b6b01d2c847c88aeae3e7afd4ac4b8ec7da7cbcecc9f61005e768dfe700	14670
results/ldsc/phase1A/anchor_ret_ven_tort.log	d18a785d87704c1922e74024bc1ce7c1e465dd01eb4ea8b0eb09eff6bb8c7aa6	14638
results/ldsc/phase1A_rg_heatmap_plotting.tsv	de4d687b11080931db0dea57ad0b26cc25afafd7df694a3b46d52c6053ba4dca	31767
results/phase0/clumping/ret_art_density.clumps	bbe60388712aa2e57aa3ba3f98d1d127df60af28e71b3a1ca0c582e78827c811	6739
results/phase0/clumping/ret_art_density.clumps.missing_id	ef248d28c2c5a2c0037c188e7a5bc6b0f8af5cfa1d61ebe10792cbc268be8604	283
results/phase0/clumping/ret_art_density.log	2b7ba4cd00f8091b045fd8eba1af324d04e327ff66a0f864306e04ee7cdb9da6	2076
results/phase0/clumping/ret_art_density.plink.tsv	b99b508060de0713c9b916bd36b9138d288c28ca97a821c4d4aa61a47ebb9cdf	21050
results/phase0/clumping/ret_art_tort.clumps	8dcd35c002710812b7e02c356330fa5acd3bfb07b1b5fe59e5834c5fc6789942	79535
results/phase0/clumping/ret_art_tort.clumps.missing_id	4f9b26b0705ae3394b06972df14c5411f5b42eabe71470ecd04098da53476c7f	3032
results/phase0/clumping/ret_art_tort.log	9e90d922f40918729f4b5a98b9a808afd9853d1746252674c9a0151d0d7320ae	2066
results/phase0/clumping/ret_art_tort.plink.tsv	cc479f7ce5676d52a41d54b5afa7d12fb1e13c3fe70f6af9b5f3639af81be457	257019
results/phase0/clumping/ret_avr.clumps	395159619f65064833a15953f2eeda35b94a6a5c671945a4142625a42c695c76	4030
results/phase0/clumping/ret_avr.clumps.missing_id	74441dd05e0807058ee2b2e993feb7015f1662ed4eaff67846cd1acd4c0ee4b2	138
results/phase0/clumping/ret_avr.log	b86cb45efa4d23977ec087b9e1abdde2368a8f14d52f97bac8d9f9bf7352a139	2043
results/phase0/clumping/ret_avr.plink.tsv	488515d78697baf96cb65b5f533b029615658449338aad2197ffb445e2bd9df9	12815
results/phase0/clumping/ret_bifurcations.clumps	1c8692c45584941fa515d423c29c8627856ba3a4107575d7b0f89c2175cd1a5e	6331
results/phase0/clumping/ret_bifurcations.clumps.missing_id	1224e0a4c986bc4f259c8efac5486fbc90f92d97bbbc454260e6f7c3b5a414c8	358
results/phase0/clumping/ret_bifurcations.log	722c8bfada1419fe0a42439c0c422285dc2a330c4919499f483dad21d9e33325	2080
results/phase0/clumping/ret_bifurcations.plink.tsv	365863f081dda956da8fa0d297ecada2946394b789196408a0f9a4dd4b247080	19664
results/phase0/clumping/ret_crae.clumps	e0b1f5d458bd6cdd48848cc59a1be7efaf1e37c832144b2118e05ec00df19668	4588
results/phase0/clumping/ret_crae.clumps.missing_id	5d6fd359ffda990dbf3cafab73f9799e5de8943976b8374f0d052d8aafa312cf	248
results/phase0/clumping/ret_crae.log	042c895b11f91a2ccb4995e0e5ad5a765a18fbfc4d518a91f82b1f69ba46cf1d	2047
results/phase0/clumping/ret_crae.plink.tsv	62e987db5f521ab24e2434ceafa16147c5dbe1170c519f1ea0bd11e60f45f6b5	14533
results/phase0/clumping/ret_crve.clumps	3192e12a5f452e968b3ac9ab8a593700aa8b2e5e376b7b2b96096e2fe062ee89	33021
results/phase0/clumping/ret_crve.clumps.missing_id	3a7e452b3075e3981f3a0803d9bb9d8781abf8977972035dc269b36406913107	2544
results/phase0/clumping/ret_crve.log	f903865383cffaf15dc1b729e05e5b7cd99c1674ef9a4715fc7af4b8b64207ca	2050
results/phase0/clumping/ret_crve.plink.tsv	bbb2f69d9e38d2309561ddbd28f0ff548e3c6971af7de1beb0348292f5192930	110903
results/phase0/clumping/ret_elm_isos_left.clumps	5e3c724c88c5a5693ecd9502d6b074f4ebb33030bc1c00afdf4e86b45e3c6784	20368
results/phase0/clumping/ret_elm_isos_left.clumps.missing_id	b1ee1cebc73a3a519e6a26230105cbb4dbfbb7e94c6bd42a3929468cf85338ed	1950
results/phase0/clumping/ret_elm_isos_left.log	2b967c383b81c3e56226f06e26593720c04eb3974a6d3a2f39d14087690029fa	2086
results/phase0/clumping/ret_elm_isos_left.plink.tsv	df58004d99ff0e94cb9a538724828adeae67fae7f2471a3fcdb7462cdf1816da	47407
results/phase0/clumping/ret_gcipl_left.clumps	8554b1a06f97d01f245ece80121b62cf42a6cab436adc7b729ef965bee5e30a3	24178
results/phase0/clumping/ret_gcipl_left.clumps.missing_id	e9ef5346fc91ae9c59a6b1cb544b29c58b1b94415f78f4cd5447846a9550697e	2716
results/phase0/clumping/ret_gcipl_left.log	07d35aa849dafeab86786b304bb2fc88debd5788b3f9e9562e8e51f36ac0c9f1	2074
results/phase0/clumping/ret_gcipl_left.plink.tsv	73f3f197329c38f7774b31c99dbe745cb720293542458a3699af83f45cda9233	56872
results/phase0/clumping/ret_inl_elm_left.clumps	ed0d3a8643644fdbf39d6cd64c77c134a2690420e0078194f4881fb3ea17aa94	112152
results/phase0/clumping/ret_inl_elm_left.clumps.missing_id	eeff7d1dfa85e226094599b96a573ad232460ec22e0a5f811691c5308c05f2c3	16005
results/phase0/clumping/ret_inl_elm_left.log	e1a0cd6c984837b5707ba3d174bc9a7957f3adb17d5444f39cea4ce116bbd1db	2084
results/phase0/clumping/ret_inl_elm_left.plink.tsv	1a919e43749c53e86d6ccbc294524e69cc9d305cc37bab6b3c25c6d8d6d0d06b	277613
results/phase0/clumping/ret_inl_left.clumps	ed18f8a96145e5c89f9493d242961809a6316c45e8601fffff0cc65aeae03f9a	53344
results/phase0/clumping/ret_inl_left.clumps.missing_id	892d600229636231c272ff2ecb38e4c91a635129ce0ad8ddd6ff8778ccc28430	5227
results/phase0/clumping/ret_inl_left.log	678e1f2a5de3b715a5ab915b6f2ee1ce20ff207d0e7ebedda78f6049894fc8d0	2066
results/phase0/clumping/ret_inl_left.plink.tsv	eb7665966a613e42d7cff72e4fa70e7008defc34f23096db114ad3a182e58094	124972
results/phase0/clumping/ret_isos_rpe_left.clumps	3e25f3fc1785d659a3bf4fb7e5306c581400c3777016399468228dd24bcf5925	44776
results/phase0/clumping/ret_isos_rpe_left.clumps.missing_id	13fc9df4c2c949e685834ce75dfc3aeb6ddbda5c6e7e8f3fd4ed39e0765c385e	4314
results/phase0/clumping/ret_isos_rpe_left.log	02fe4379f5a22abd6c2f24ff34a66b59c12328cfc76398977ed0e2a58ba4fa75	2086
results/phase0/clumping/ret_isos_rpe_left.plink.tsv	8fe866918fd6157ea62d8dec59845e6051748a76f754698bf2586377a2fc8648	105020
results/phase0/clumping/ret_macular_total_left.clumps	d57c140279053cbfbde539b323002a86310ae1d0bebdaf63a6fc76bb2c6602d6	75019
results/phase0/clumping/ret_macular_total_left.clumps.missing_id	ffb08383e1a7795365b3cf44433f16e5179dea07c23bd3e2b1deb1c939e66252	11850
results/phase0/clumping/ret_macular_total_left.log	4cd4c2e45ae477a43b923f8220a3eff3fb42513d83a3d8e9ea537b9017ccb9dc	2107
results/phase0/clumping/ret_macular_total_left.plink.tsv	8180fd74591f83152a7800ae5a78192a76a08cee44fafcc270b8ab20c550b210	186949
results/phase0/clumping/ret_onl_mean.clumps	f3f5d6bdb16b9a7766ade4be2dc264fdd49169aab3f631ef78f911aab7a4b772	82830
results/phase0/clumping/ret_onl_mean.clumps.missing_id	f3aad4fcc7ed0be17c2b58c4f4969a63438489be8109d30ec2a3879319b948b5	16005
results/phase0/clumping/ret_onl_mean.log	ce6447de4ec2492f92f20b9b0d6c1d6cfccaebeedaad57dcad7e891d2c37944e	2067
results/phase0/clumping/ret_onl_mean.plink.tsv	80b86e0f76007be9a74e50a89d34cf3c521cf755b397f546debbd2aad537c961	294886
results/phase0/clumping/ret_rnfl_left.clumps	2de67dce5b3a59ee2063d96fcf7b86739820cf880db38e6be93938f680242b48	23993
results/phase0/clumping/ret_rnfl_left.clumps.missing_id	bd216c608a0f614aed0007f4279386c730b9784271d531fbb1b470effe897094	2859
results/phase0/clumping/ret_rnfl_left.log	43a763976b5d9f36e7a38d132354f5d25a41e42dc0fb3d95deee5923be9d68a4	2070
results/phase0/clumping/ret_rnfl_left.plink.tsv	774229999aff933c47729a482101730f3b5f3d79500a18d629ab6d441d9519ed	58457
results/phase0/clumping/ret_ven_density.clumps	5bbd7bc344613fe70df577730e11fc98d7d65ac59d9144312aaedd02c1e63c92	7423
results/phase0/clumping/ret_ven_density.clumps.missing_id	7c325304c4bac736fc4177d0ad29e3dd9abe44e37a724559df577fa2fb4d3050	584
results/phase0/clumping/ret_ven_density.log	c7a0edcc1fcb68af192106b385a93e283ed0e2b93ebc8c942e8b9fd162ab42cc	2076
results/phase0/clumping/ret_ven_density.plink.tsv	1660e1990cc7a1312358d39c0734e9aef98c5dcebdef52ea9c6697e5f6154b1b	23743
results/phase0/clumping/ret_ven_tort.clumps	0a126ba5460deb371635b1264b1d521d16c671db748a72ccc6b6682ab9b3c018	31053
results/phase0/clumping/ret_ven_tort.clumps.missing_id	9af3a7513458f1f275ca78cf67889ed96e6ee06f4f8216d2d05fc0cff9eb63d5	1517
results/phase0/clumping/ret_ven_tort.log	f8fb2ef3441c42b0b8145e80253978fabafdb533ec4e57e8b1bcad681385d509	2066
results/phase0/clumping/ret_ven_tort.plink.tsv	0d93e723143aa4a742a041b30d2f59f605698add30987a608cdcd8448c10667a	100327
results/phase0/clumping/sys_ad_kunkle2019.clumps	d17cd34abb04219e595ba9986783aca467c40294da06dc369a0ad7f017aeb12c	14091
results/phase0/clumping/sys_ad_kunkle2019.clumps.missing_id	f80dc96468a4cd5260215eed36e6b96c3e1531c3b9e27dc2e48514b0a40ba56a	813
results/phase0/clumping/sys_ad_kunkle2019.log	91d7d2cde6b0c59e3ae734da305ef3f0a61ea08f086b825e5d1a03ce5688d0ee	2085
results/phase0/clumping/sys_ad_kunkle2019.plink.tsv	acef7c35602890f9a18b0f361d96ca1d15e557f21eea9ab4f2029264f8b99f53	28933
results/phase0/clumping/sys_cad_nikpay2015.clumps	0a29b9dd49d811d8dead3537ee4fee14a7c6a970171c64d8664b3b4ebbc1ce3a	22333
results/phase0/clumping/sys_cad_nikpay2015.clumps.missing_id	46192a869cdc97041906c51d38b4914d3c9a929c91517075a8f13763176fc11a	565
results/phase0/clumping/sys_cad_nikpay2015.log	bdf55db804f818fd7f8c1c2a263a53ecdbd69600dd5e10c10de6e80ccd34a52e	2089
results/phase0/clumping/sys_cad_nikpay2015.plink.tsv	0a7918aeffc7e43e6606ad3e64a8c528ebdf4ad32fa9548916a178c858ab9332	41640
results/phase0/clumping/sys_ckd_wuttke2019.clumps	b88316c8a3a4e08ed29d78ec7973225f90e344be1956464d3093ab0ff779ac4c	15722
results/phase0/clumping/sys_ckd_wuttke2019.clumps.missing_id	872043e3d2bbad03fb0dab164aee66ea101dc6d2573a61d75c71f93229bd5266	148
results/phase0/clumping/sys_ckd_wuttke2019.log	8490502db6f362752173af032fa8e9aa4952bf7145c2abd0b817823ff8b6d0bc	2089
results/phase0/clumping/sys_ckd_wuttke2019.plink.tsv	e65dee4c266f346260052c3e95891d93fb9edfa21b340e8f6480d538cd5d1fe7	30786
results/phase0/clumping/sys_ibd_delange2017.clumps	b514e61495ef4426f32d4a3607266d29db816b817a97f938a9255869ac2692a8	132500
results/phase0/clumping/sys_ibd_delange2017.log	6034485898e43d09431d6ce8c992f1cb241c4cb134eb73d0ea5a65e9c26eed86	1815
results/phase0/clumping/sys_ibd_delange2017.plink.tsv	c52f1cecca2cc3585fc8ebeeb0def30df9da76b039420addedaa13022aa006d3	262753
results/phase0/clumping/sys_pd_nalls2019_clinical.clumps	126c49868f312982cf0aa0b58b75cb1d0cdcc91ed42f0c70d0530ef581f01e09	29955
results/phase0/clumping/sys_pd_nalls2019_clinical.log	70d22ec24cf8e3536c3c427d43b9dc90cd5e09ea2b5ded663521657939340281	1831
results/phase0/clumping/sys_pd_nalls2019_clinical.plink.tsv	635877035ae95a96b89855570741fe1ffa96195d21139127b6c221325669d529	59081
results/phase0/clumping/sys_sle_bentham2015.clumps	a98fd2035ae6eac809d7985ed1bd5c1102aab13ad50f1b77aa13635f396de8ec	63085
results/phase0/clumping/sys_sle_bentham2015.clumps.missing_id	9ec2af32318a19680b24efe72a231704d2c73b4d0f4489448f9862141fddc3e3	119458
results/phase0/clumping/sys_sle_bentham2015.log	4275792ec4e83b93ee0d5b4416ca0bd6fad76892c99b44d5cbd92be35c88aeba	2096
results/phase0/clumping/sys_sle_bentham2015.plink.tsv	5ffb5bb9ce1f261783abafb5750e435eea8e900ad623a0a1ccef803f28f56121	447497
results/phase0/clumping/sys_stroke_megastroke2018.clumps	7e284637c53dff4bb3f1fc20cb4de88565a34e33f85017c46f913092b8a5090c	3563
results/phase0/clumping/sys_stroke_megastroke2018.clumps.missing_id	abbb574902ccce50f9d026def38c26679d8ab331993673bded7e0699f97a4048	45
results/phase0/clumping/sys_stroke_megastroke2018.log	b0698e9f20f0765928770d35696174a7025ed35769f23c85de12c6b1179f8e96	2115
results/phase0/clumping/sys_stroke_megastroke2018.plink.tsv	ca96f671065637fca3d5acca3bca2ad8ee61050518c385b9ca002ed69ad47e06	6513
results/phase0/clumping/sys_t2d_scott2017.clumps	68cb7167dcf15b1d0d92d5d1f4b2422158e4b1a115dae4128c9f01ad3d4d292e	19762
results/phase0/clumping/sys_t2d_scott2017.log	1b7191116adb0f4d29ea1035ae8075f26cd6aaf558e6f02ad08e6c48db354965	1807
results/phase0/clumping/sys_t2d_scott2017.plink.tsv	5d26517419f86a8b5c51aaade9332a40d8b6df01c31080e3b2437795ff08ec6d	33935
results/phase0/gwas_qc_full.tsv	da9fb628f6f7dfddcc528a953386dd0829df25a74c350147f54faf79adf7e267	8973
results/phase0/gwas_qc_summary.tsv	9e7f6729b4a0ee31e09c0345e384940f631b1035f45f6d37273ce6ea4dc5eb58	2100
results/phase0/heritability_instrument_feasibility.tsv	c91bf283855ebcc549bfd806b7b8a9b3c111b7d2eb31092612a11dae1843e74f	5891
results/phase0/instrument_candidates/ret_art_density.tsv	ff838e79ece9ae1100f2b8528d51d371b91a88ef2845bdcb955389d7e13fc92c	69047
results/phase0/instrument_candidates/ret_art_tort.tsv	a3b18801c2ce334deebfb8b1ea15e4268926afc31407786e837321543ac6ee8d	848227
results/phase0/instrument_candidates/ret_avr.tsv	4880d6d78b55dfe20f756f2fcc3c1c083415b2be7ad49442773acd17f56c7d7d	42711
results/phase0/instrument_candidates/ret_bifurcations.tsv	6876d320ff0fb1910eb591db74e89f2badb7992499794a631f331f927911b1d6	64723
results/phase0/instrument_candidates/ret_crae.tsv	691cc3b899c94c50f9da2f0a3b629855750cb52a7b264b893fdc23dbf1422328	47889
results/phase0/instrument_candidates/ret_crve.tsv	dde8eadd0d3437f4c0351e5be45032fe134ea063916d5f680849a7d5d8d24c8b	365871
results/phase0/instrument_candidates/ret_elm_isos_left.tsv	be0775e3d54da680d4c1b85290090c2ec008e2ba2fc5eb771d8d9dd9717d4242	206532
results/phase0/instrument_candidates/ret_gcipl_left.tsv	ac79d31343e56b98e39093f606eb864522206fd5f15d0a90814883e97c0f1200	247728
results/phase0/instrument_candidates/ret_inl_elm_left.tsv	fbf57e61db32adfba52e2392b7d7e99d43a2eaf5e8379ffac97824137a9381e2	1212848
results/phase0/instrument_candidates/ret_inl_left.tsv	43b0f2f635caa26d5b4fb3dfa06684106fa5d5ef07307cf1c2d0fa759f87d0ae	539300
results/phase0/instrument_candidates/ret_isos_rpe_left.tsv	2627088c8574c9e255cf96b05cc528e0bd3f4d3f830d6a310b762f1f96133f01	456099
results/phase0/instrument_candidates/ret_macular_total_left.tsv	4b947ed621780bc7fbb5c5a52e8dee962bc656a6ef0c626d38516a44296aec03	818764
results/phase0/instrument_candidates/ret_onl_mean.tsv	d4dfe091718ecb0c468d0bad2e120956a4639c93662899324d2ff800c3429ee0	1005449
results/phase0/instrument_candidates/ret_rnfl_left.tsv	67a2314ffb5cb45576c11d8707f96aa508ad1ee212189f6ca1f8b145a89f831b	259071
results/phase0/instrument_candidates/ret_ven_density.tsv	c8e056fe8d802499db6f2da6f053c5b8bf0161030d9d8d127c8afafbb3eed83f	78059
results/phase0/instrument_candidates/ret_ven_tort.tsv	81b2d9fb100eaf706b0da300f8cc0de7e038f98556de3f755877c03d5ea2c9fc	330021
results/phase0/instrument_candidates/sys_ad_kunkle2019.tsv	a5e08144efdcb6d4af3a4770601a6340cc2e1d5ecd3669b6a86ec496f3d56ada	127478
results/phase0/instrument_candidates/sys_cad_nikpay2015.tsv	d10e38aa4dfde2b2a86975a9c50a0a3c26fc6395daa22a795592be9aba096f8a	207942
results/phase0/instrument_candidates/sys_ckd_wuttke2019.tsv	0e9a2fa76eb8ac72c19edc27857fb92b5461bb1d53a525534da8963f1384caed	123843
results/phase0/instrument_candidates/sys_ibd_delange2017.tsv	5de8de72d39bd3d301bbde4a2996487a7330a4097be8f321e43367e5f37c3aef	1223222
results/phase0/instrument_candidates/sys_pd_nalls2019_clinical.tsv	a11c5e8e60437382c42e5878b01f10d549a630ea4666e7c2a88c24d33879c18e	233496
results/phase0/instrument_candidates/sys_sle_bentham2015.tsv	3e9f9c2d84f5bac990e3e131379d82b26b5d00c23fd74ed710685b2a0ce2d572	1828404
results/phase0/instrument_candidates/sys_stroke_megastroke2018.tsv	20e618e0bb6491453d9021306fa14c9df607e052d7eeb2cc69b668400916c39f	23838
results/phase0/instrument_candidates/sys_t2d_scott2017.tsv	0821282a6e997233a0c195079d80fafaacfdd501216532af3558e79659368aa1	125502
results/phase0/instrument_clumping_summary.tsv	e529ca02e7d76b6b13a4c8abe7ad884cc7698e5249faba71f6ad7071781853c1	3074
results/phase0/retinal_internal_rg.tsv	8613e49e151483e5c5619e5bfa3c5a338953cf334e74f163824f5c66ef03b69e	17475
results/phase0/retinal_internal_rg_matrix.tsv	6c5cb875e517cf8bc158c3a00619d835eadb3926b63056f1059697aa36584e76	2299
results/phase0/retinal_redundancy_clusters.tsv	7c7632a86c44c869f0bffa672a76c379995648a1c09d7b1bfe1902c6a9d4d744	2596
results/phase1b/HDLL_LOCAL_RG_MASTER.tsv	6a9b7846d212ff4b8beddd7be503d2bd542c539fec90f22dfff89d72adb01bff	32869152
results/phase1b/HDLL_OVERLAP_ASSUMPTIONS.tsv	081a4c80261b9fd13ab25c7530abc045cddb3c143450b9460f44a77926da7581	20598
results/phase1b/HDLL_PAIR_SUMMARY.tsv	a9c88e08509e989fc30de2b714c7d53b1356097eab547b84e84aec87081e1261	8074
results/phase1b/LAVA_INPUT_INFO.tsv	c29bf6e6745f389048d3086420e818c3905a23d65af3c157cef7565db005998d	1833
results/phase1b/LAVA_LOCAL_H2.tsv	8f9a7f6e6029454feb04908a7df086baa71fbbcd4cc2e74114ce9c12d1b5fe4a	3872204
results/phase1b/LAVA_LOCAL_H2_chunk_0001_0100.tsv	846ee00c4c252a8b4a6c5fa4ee901bddd0885710507dd96bbf79ab4dfefe794f	152555
results/phase1b/LAVA_LOCAL_H2_chunk_0101_0200.tsv	4664a8f4011cf0ea8f49691410048a2d903d41389c6cb533bceb654a44ecd900	154348
results/phase1b/LAVA_LOCAL_H2_chunk_0201_0300.tsv	6c4e0ce3a7aa84ec7c3bfc0a2e849a984567606962db3bd14d2cdc0e6772d967	149860
results/phase1b/LAVA_LOCAL_H2_chunk_0301_0400.tsv	6e5094af6e53d05bde788445b90b1624b5a6be5e6f96c5fe0aa5cf6fd98c6d1d	148492
results/phase1b/LAVA_LOCAL_H2_chunk_0401_0500.tsv	bfbd38656f4b76b574318fee34060debf90241c268464c8e38fc7a045a0932c3	154708
results/phase1b/LAVA_LOCAL_H2_chunk_0501_0600.tsv	2a69bd420942c081b0c1026fc97fe11a9cad7bc4e504776b49b8a8c604d8f3b5	143792
results/phase1b/LAVA_LOCAL_H2_chunk_0601_0700.tsv	120df711944a6b6e350c23a260338134fe503c0acaeae71e3f7fee2473f9bc21	137854
results/phase1b/LAVA_LOCAL_H2_chunk_0701_0800.tsv	7b6bd0a904c66bceacaff29183e0a9e8dfb3f80937ba98689d1f133ede00aae1	145808
results/phase1b/LAVA_LOCAL_H2_chunk_0801_0900.tsv	1007565df2c50adcdfd9cd5bea8b3f9ab3ca252814aabe5c973c69a5c9a08fe1	149410
results/phase1b/LAVA_LOCAL_H2_chunk_0901_1000.tsv	b62b0d1b56795a4f7a07e7297fc0ce449cf5c19ecafed680b5cbb6f00a168acb	120605
results/phase1b/LAVA_LOCAL_H2_chunk_1001_1100.tsv	923139d307d5baf480f99916162efc442e551c0d19758d7c6a5894c2a97535a7	154618
results/phase1b/LAVA_LOCAL_H2_chunk_1101_1200.tsv	044e359ae1c82cbaa4cc1b6a5245b2cfb59dc1f51bde549cf680e758f52d4a23	151765
results/phase1b/LAVA_LOCAL_H2_chunk_1201_1300.tsv	e932c7c616f986f1b0eeabbe68dc942286b5a582656c74a85166144cbb30b695	154181
results/phase1b/LAVA_LOCAL_H2_chunk_1301_1400.tsv	79867981284abe5476bce236d4386691e250ac1b842cf0f5f8700624dfa698fe	156187
results/phase1b/LAVA_LOCAL_H2_chunk_1401_1500.tsv	33b87e2f4a2fd8d3a5631c51e2112e03793554583f85aff05d97d914a52e1411	158036
results/phase1b/LAVA_LOCAL_H2_chunk_1501_1600.tsv	932e847793cdfcb38406887df795dce6db633db1519bf3a11486ede9deb469b6	159049
results/phase1b/LAVA_LOCAL_H2_chunk_1601_1700.tsv	e116b379b784e61d67d81cb0cfcdd16cf5f24156fa0947e5bd121f5374d641db	154045
results/phase1b/LAVA_LOCAL_H2_chunk_1701_1800.tsv	978fb741b297492fd2ed352391c343a03fff7d713cc812f0cfe4fa41f631d408	159395
results/phase1b/LAVA_LOCAL_H2_chunk_1801_1900.tsv	36e5e589cab575fa20e2bd411ac3b99561e19a6178700edcc49f43b4bc085b55	163527
results/phase1b/LAVA_LOCAL_H2_chunk_1901_2000.tsv	df9772b4d69fcfeadfcbc4a119271cd36ca196ea0a841908b2d276615aafa6b5	152652
results/phase1b/LAVA_LOCAL_H2_chunk_2001_2100.tsv	28244a88ff32d22797baad557b85ab06261fcfc1949c8220b08b6cfa379d1c3d	160626
results/phase1b/LAVA_LOCAL_H2_chunk_2101_2200.tsv	984faf8916800e8636d16648fd52733e0b9f2dee308d302f4cc72aca9fa8a3a7	165895
results/phase1b/LAVA_LOCAL_H2_chunk_2201_2300.tsv	e43ac0f336a6bc963a50451bcf9b9c23dbf5a9d7d90b26bedf718109fdd3a69d	163767
results/phase1b/LAVA_LOCAL_H2_chunk_2301_2400.tsv	e61b06cb58ef02658035f6a49eaf83c7ff4509c6ee287ee2a664daee72a525f5	158804
results/phase1b/LAVA_LOCAL_H2_chunk_2401_2495.tsv	30a0f7a57b13cba872f9a97181c5124d21279bf3ab32b4d2c41869bfd4b4f9b8	158941
results/phase1b/LAVA_LOCAL_RESULTS.rds	3a1ca458ef0582404273c8f6eb778e7b334339c4cb4f9859e41873aaba12dec1	1297
results/phase1b/LAVA_LOCAL_RG_MASTER.tsv	772ecfc4cc1abfbb4ce2fd86c9791bf5a82d4238ef554ffb21f164511495a19f	10038954
results/phase1b/LAVA_LOCAL_RG_chunk_0001_0100.rds	86f0c01e7540cbfe48b7f5efd7d29244603042920bb40c7c806d5c8dbf0efbe0	88376
results/phase1b/LAVA_LOCAL_RG_chunk_0001_0100.tsv	2529dab5a6f42a8dae397020ff79d2711811843e350263552b364fd1b0c5e531	267265
results/phase1b/LAVA_LOCAL_RG_chunk_0101_0200.rds	f4fd28f03166f1b39f3f2c4fbd7d914266a1939552af9c3202411df0ffb7e442	86964
results/phase1b/LAVA_LOCAL_RG_chunk_0101_0200.tsv	cb1eafa94ee71fc5445e662f616eaf360ad96011cb70a4ae7ef52f82ac69914f	271818
results/phase1b/LAVA_LOCAL_RG_chunk_0201_0300.rds	65ed7e24d0e4a34db6a2316c789f10a98e91beb0424d8053142a90d99adaf64e	79249
results/phase1b/LAVA_LOCAL_RG_chunk_0201_0300.tsv	48b02ff38f361a077b428fdaf5e539f245aa96bd583dc24a85e385cea826c8f0	224148
results/phase1b/LAVA_LOCAL_RG_chunk_0301_0400.rds	62112e94f5404dfd09d111461387f2fbd1917e9c8bd542ae3fd8edd639a8e304	69919
results/phase1b/LAVA_LOCAL_RG_chunk_0301_0400.tsv	b6b34365c2c3fdb7d1ee6abddb83551881ffcb2de50ad6e49673b03cd96b18cc	174274
results/phase1b/LAVA_LOCAL_RG_chunk_0401_0500.rds	ad291b69103dd6ecd43d17739586cd986b37b8364c9e8104c0f0b8ac0cce898c	95901
results/phase1b/LAVA_LOCAL_RG_chunk_0401_0500.tsv	3383e06b18e7d49a003379e92e958d48ce1e829ff1d69a44dd7819611b8641ec	316557
results/phase1b/LAVA_LOCAL_RG_chunk_0501_0600.rds	7bd0b32eae23517cace5e6e20fdeaace30e3703aa6b76a4afe29d15b50f4e88d	71708
results/phase1b/LAVA_LOCAL_RG_chunk_0501_0600.tsv	0b225e6d1b9ecf25acd1efd979009a6fb11d8d28d42850cf410d6ec1297bb7af	187422
results/phase1b/LAVA_LOCAL_RG_chunk_0601_0700.rds	9e033c05694bca848694f907d98b4e06f8ccb765da2168c3aaffad84399bf323	69914
results/phase1b/LAVA_LOCAL_RG_chunk_0601_0700.tsv	3ded3013dbd2f7366d7166d193201d691b27c9b1a33f1736d127b7539c07b53a	183776
results/phase1b/LAVA_LOCAL_RG_chunk_0701_0800.rds	6f68fd88f526b545e9ad2b2f5f0bfa766a59ebf4bac6eb61d360cf01c0465a00	77567
results/phase1b/LAVA_LOCAL_RG_chunk_0701_0800.tsv	5794ac4910df472433ef52a4a97d605e96770dec083777065612c54310cb9949	219435
results/phase1b/LAVA_LOCAL_RG_chunk_0801_0900.rds	c088f62f0afd049df106dd8f680267c34ec90a9ebca5f9fa0aae69278be3e695	81557
results/phase1b/LAVA_LOCAL_RG_chunk_0801_0900.tsv	ec220aa1ea342672649178b4734f614dfea6c17c4db3a7a9bfd3353f205465d0	242742
results/phase1b/LAVA_LOCAL_RG_chunk_0901_1000.rds	da9d3ef9235a198e4ccf68b34d36cc7ae01c838d10a98e058dd6a52cb2431d0a	83174
results/phase1b/LAVA_LOCAL_RG_chunk_0901_1000.tsv	b1c9491bbba893f78f3d3852426c6ba445b030e0226a086e59b708e1b95370fd	298880
results/phase1b/LAVA_LOCAL_RG_chunk_1001_1100.rds	7aba5f8bf6dc9dff418af64a02420ef0b8bd3ba22ef688987bad329c70bc325e	82924
results/phase1b/LAVA_LOCAL_RG_chunk_1001_1100.tsv	f55df5030eed0a60c9f9292f16e113a91e7ed75bee518d1f66fd369687569e90	252110
results/phase1b/LAVA_LOCAL_RG_chunk_1101_1200.rds	11bdd59875331f100efac12cc1f15d265a19a3adc1783391c6c4cbea150efa4a	81376
results/phase1b/LAVA_LOCAL_RG_chunk_1101_1200.tsv	b396873bf40f6941ba8c1947ca73c2b75af75409ff5699e2a6538c8ebec55917	237276
results/phase1b/LAVA_LOCAL_RG_chunk_1201_1300.rds	7661b908f96247106f404f9ca4071cf9a0d631f20803e3ddc23b2e3896e197cb	88116
results/phase1b/LAVA_LOCAL_RG_chunk_1201_1300.tsv	a08b4976d96920621d14403246bd374cad7dcb8edfef655ecc4ae10a68f40624	279707
results/phase1b/LAVA_LOCAL_RG_chunk_1301_1400.rds	3c41b2aed99046c7e55bbe333ed4c8b4256cd708989f2402bb63bffe945baf2f	88319
results/phase1b/LAVA_LOCAL_RG_chunk_1301_1400.tsv	7a7548c53d09c500fac674f09a75884c788bc3783751888f86fd1673370788ab	280559
results/phase1b/LAVA_LOCAL_RG_chunk_1401_1500.rds	98239d5428d80c0716abcbc5e3d931b883e188202df2203f3b846f24742e01d4	90246
results/phase1b/LAVA_LOCAL_RG_chunk_1401_1500.tsv	5f52a71687cebf49c12c393ab6e073012532707a79f5a967985283e338b192c1	287117
results/phase1b/LAVA_LOCAL_RG_chunk_1501_1600.rds	0ed8ae8d98d5b6595e36688da010b694801bb58509db4ecf623678aba33bd2dd	84172
results/phase1b/LAVA_LOCAL_RG_chunk_1501_1600.tsv	0eb02c0971563094e389720ccb6db85619c606405efecdc6d1bfa371340c3679	253128
results/phase1b/LAVA_LOCAL_RG_chunk_1601_1700.rds	4cf649b667968577de75e4c0c97ff54c99afe8cc7d346882525862ceb487499c	82364
results/phase1b/LAVA_LOCAL_RG_chunk_1601_1700.tsv	149ac1434db9c89374466fa0af7edf85eb7beac7b720dcffcca52ea3383eea54	243686
results/phase1b/LAVA_LOCAL_RG_chunk_1701_1800.rds	af11cc711c98e134b79453d3fbdcab4ef60f551b327256058b86a629913d3a73	92741
results/phase1b/LAVA_LOCAL_RG_chunk_1701_1800.tsv	1ca71b9a6ef5ee30bd888dda9d5c84e9954439f732f8aae4c6fc8082a796e20e	305562
results/phase1b/LAVA_LOCAL_RG_chunk_1801_1900.rds	7a6ed232e154585cb19a5ef4b4b3d4c1be3674a9f0bf2f9081f87141492c69f9	92876
results/phase1b/LAVA_LOCAL_RG_chunk_1801_1900.tsv	404dea5559439b62b9494cbff618d3dfd39bb6fe7d7c5eba8c6bdeca392edf3b	300413
results/phase1b/LAVA_LOCAL_RG_chunk_1901_2000.rds	cb8320357fd79895c81168e6e2c8d93d30e9018eef12adf07574ce4c9b140cf5	86344
results/phase1b/LAVA_LOCAL_RG_chunk_1901_2000.tsv	063db63989a97404d76b784e09614dc6d39b5c08d72ccc2ef04ba552c32d329d	272164
results/phase1b/LAVA_LOCAL_RG_chunk_2001_2100.rds	e850031770b7d64212269391c2d40c22c2785214fb4fd2d7c196f6b3e02f2385	104758
results/phase1b/LAVA_LOCAL_RG_chunk_2001_2100.tsv	a39bcf2a00b7e07a13a37a06b870f927ff9a6570078c7c6187d325ceddb623a5	372675
results/phase1b/LAVA_LOCAL_RG_chunk_2101_2200.rds	314719e69cb9fe16e54b8b48ad36c583aa5f7f51cd82699cbd308ede48b88206	117527
results/phase1b/LAVA_LOCAL_RG_chunk_2101_2200.tsv	364f9638371b8c34426a74cedb93885ece1de99fc1deb3d84a13e28c642bb1a5	444076
results/phase1b/LAVA_LOCAL_RG_chunk_2201_2300.rds	1cbf94d5953e7ba1e7448d4b51c2dd53efd078396881caa7a8ebc713333e861b	101099
results/phase1b/LAVA_LOCAL_RG_chunk_2201_2300.tsv	6feabf5e21736877108a0440428a6bc52e5030f6a56e7c2399655600d50dc57c	346672
results/phase1b/LAVA_LOCAL_RG_chunk_2301_2400.rds	2da23d5fef0a74cd646f7b4dc8e36cf18ca5c957818565f1f63f44dc6b817856	90201
results/phase1b/LAVA_LOCAL_RG_chunk_2301_2400.tsv	0bf53dcd6836baef43f12d51e3db03a83e8cb2383508b3f789f205963d7d9dc4	285928
results/phase1b/LAVA_LOCAL_RG_chunk_2401_2495.rds	52ef3962a22383b37a53e3047a75e925d369435397c4841a5fc6fddc409cfac2	104212
results/phase1b/LAVA_LOCAL_RG_chunk_2401_2495.tsv	18a3ac8941cb63811bf9d708844a744b669af27014186e8b434e7b705fc12048	374706
results/phase1b/LOCAL_RG_METHOD_CONCORDANCE.tsv	2cd7630e0e95fb064a32d2b0d5664f3915d574e43a820a260deb38ddfb8839cb	7871
results/phase1b/LOCAL_SHARED_LOCI.tsv	53905d0919eb6fa44bdc597df38b54316f0316ca3933e64567d2c0367b95cdc5	182
results/phase1b/PHASE1B_PAIR_AUDIT.tsv	c42465f1e9ae71bfaa9b4ecd9a6e4a802387af19f0cf1243a1ddb9ed34baa48f	7610
results/phase1b/hdll_bench/50.rds	dc2ac03d213114697cb5f73097c29e9b3f210633824c2a07b39348c0a3c833e5	2175
results/phase1b/hdll_bench/50.rds.tsv	8a0fc6242e7dab067071e4b9996cb1c1f7efa798e57b42d1b0b9badc143f33f5	8481
results/phase1b/hdll_pairs/ret_art_density__sys_cad_nikpay2015.rds	dfd1e37b046b73d1c55fc7d858bb2d3b7e2342a6d2a211cd0bfb0c1c95d9cbd9	76364
results/phase1b/hdll_pairs/ret_art_density__sys_cad_nikpay2015.rds.tsv	361dd8cd55b3dc0e78019a37ae00cc94a5d7927c2b9917a593c68f0c1777afaa	408085
results/phase1b/hdll_pairs/ret_art_density__sys_ckd_wuttke2019.rds	887adb5f570bceefb3edfb2bfa2cab87fd24d656bd70033f01db20d64a15ca2e	77884
results/phase1b/hdll_pairs/ret_art_density__sys_ckd_wuttke2019.rds.tsv	ce0be74f5929cce9414f980f51a98e1cd9d71e8754d5df0eedc3fc178f163e2f	410103
results/phase1b/hdll_pairs/ret_art_density__sys_stroke_megastroke2018.rds	9f4dd2b2d06db7e67c392001a5a14ad2344e7cf4cdc8e1dc810da5aff23c25dc	80264
results/phase1b/hdll_pairs/ret_art_density__sys_stroke_megastroke2018.rds.tsv	d4d1eaf4fee61280a1f27221693e1575f5557501cfc46907a891f49da6d57834	430616
results/phase1b/hdll_pairs/ret_art_density__sys_t2d_scott2017.rds	431d7a59367a8f8ee2fe0904e3edebc799111d985834a7223c0aa1ef61b8408d	87604
results/phase1b/hdll_pairs/ret_art_density__sys_t2d_scott2017.rds.tsv	810d0f04e2e489ec396b6b42d1bce5ed4a57fa136df5fea081fd8258fa2b8e7f	421902
results/phase1b/hdll_pairs/ret_art_tort__sys_cad_nikpay2015.rds	41bed38045f9df2af1712c24575270c669161b9e6dfb2ecd93237d9242d90139	81152
results/phase1b/hdll_pairs/ret_art_tort__sys_cad_nikpay2015.rds.tsv	c065e62219a973f2a846378ed801dce2ad5dd94cbf49bd90f70bdb2cd40e7139	407673
results/phase1b/hdll_pairs/ret_art_tort__sys_ckd_wuttke2019.rds	6e42bed59fb5b9a366110939c444b7d8d521b420593733d72e92745fd839de90	81844
results/phase1b/hdll_pairs/ret_art_tort__sys_ckd_wuttke2019.rds.tsv	5c1bb4d27a42cff7ec5137976b060c70edb8d946819209c314b622c7bcd818a6	408652
results/phase1b/hdll_pairs/ret_art_tort__sys_stroke_megastroke2018.rds	d268f2c372ab76846c9902e484244a07f8ebdaa535a01ca41b7d26814c097fbf	84539
results/phase1b/hdll_pairs/ret_art_tort__sys_stroke_megastroke2018.rds.tsv	f4e2dfbacef0ca1a84f8275dfeca37d2c6c33d0be47146158a24a4af036c2e3f	429504
results/phase1b/hdll_pairs/ret_art_tort__sys_t2d_scott2017.rds	a7ca6816f5b5486744d15384d276e4dc2013f78d8de2903d7d6b7bdbce8fcd61	92098
results/phase1b/hdll_pairs/ret_art_tort__sys_t2d_scott2017.rds.tsv	ed16cf764a57ab359ec179e242a0ecce0daba592cfeab7bc6e6045ae7b2e51e9	421565
results/phase1b/hdll_pairs/ret_avr__sys_cad_nikpay2015.rds	c0b15b180fbb47d07ffcdc007bfb8f5ac599576a3cf98914280b3dd9da8bd851	72952
results/phase1b/hdll_pairs/ret_avr__sys_cad_nikpay2015.rds.tsv	f0dff730ba28f760fa42f3665222d289d4e9154c304d9c7d5d9585b96b0fe4e2	383988
results/phase1b/hdll_pairs/ret_avr__sys_ckd_wuttke2019.rds	42e3fc65321c802e5e480a8d28300b543100ccf44dd21b25ff5e61793d561831	73844
results/phase1b/hdll_pairs/ret_avr__sys_ckd_wuttke2019.rds.tsv	a02a96b327618702feb9908d63a33ea4093ac7fb7f2c9d907300387c7dd39d70	385341
results/phase1b/hdll_pairs/ret_avr__sys_pd_nalls2019_clinical.rds	a6bb470f56795c01aaf31ba67e95db117d6614c6291fcecb860cac840f8d0f9a	74258
results/phase1b/hdll_pairs/ret_avr__sys_pd_nalls2019_clinical.rds.tsv	393f93c099b7ea375d634deb6cde0fee8f16882df5f80dac7842dce6671dc528	402963
results/phase1b/hdll_pairs/ret_avr__sys_stroke_megastroke2018.rds	34d0277cc331905c38c8545dc0be540e39a2da4a0d4d9a61c1cbd36287c30442	76727
results/phase1b/hdll_pairs/ret_avr__sys_stroke_megastroke2018.rds.tsv	c39519b8d3dd3389aa3145584db96ea961f5dd3478141187ecdef5722c560441	406175
results/phase1b/hdll_pairs/ret_avr__sys_t2d_scott2017.rds	ac0e3eaa06701d547bd1085a12b713c11d12d1134a33a316c447e24277cee9d9	82934
results/phase1b/hdll_pairs/ret_avr__sys_t2d_scott2017.rds.tsv	72cdfefa2b9df5ea5325ace4737d6b7f860b3e6105e29ff8a77e31e3c69b41f4	395713
results/phase1b/hdll_pairs/ret_crae__sys_cad_nikpay2015.rds	964bf32861337aa55f5298c05ba965b83f4e747dc82ae3a652e0e0d458fdb60e	75496
results/phase1b/hdll_pairs/ret_crae__sys_cad_nikpay2015.rds.tsv	64847b5e1df214cad48a53c8c183d2be07995073bcc770be3770a748f8a90e4f	390356
results/phase1b/hdll_pairs/ret_crae__sys_ckd_wuttke2019.rds	a902d9a0e6fe3504a8021fdbbfaa217772c602abbaae5734281494cadaca8545	76455
results/phase1b/hdll_pairs/ret_crae__sys_ckd_wuttke2019.rds.tsv	f7b91ea2a48e0fb93ed0273580b553ac460f5c011e61bea882a3568eccc581c1	391773
results/phase1b/hdll_pairs/ret_crae__sys_ibd_delange2017.rds	02178a4fcf99bdee848591012538e64eeb8398fb20a348a09e3deeded72197e0	83531
results/phase1b/hdll_pairs/ret_crae__sys_ibd_delange2017.rds.tsv	daf98b9d2e7653cd3ef1717975ca337f491255f08edb3a89d0abfd0f80710115	404691
results/phase1b/hdll_pairs/ret_crae__sys_sle_bentham2015.rds	d68022df0a45d1e56a4109e8a28bdd17235c41cb48d9e5f284c548b2fe2d5ca0	78930
results/phase1b/hdll_pairs/ret_crae__sys_sle_bentham2015.rds.tsv	c7751d7b336b23e9f09e9239208b8b1cca7e58756b8153ab954a99575dad3d8a	398345
results/phase1b/hdll_pairs/ret_crae__sys_stroke_megastroke2018.rds	1af3fe5078c46e27828f42191c5ad16c68fb3ef4b4ae9e6ffd965bff26a94d58	78868
results/phase1b/hdll_pairs/ret_crae__sys_stroke_megastroke2018.rds.tsv	0f1ce19f028d550297b7b83ba53358fdbdcc6a7c2ab33457ec49d755bee8c172	412388
results/phase1b/hdll_pairs/ret_crae__sys_t2d_scott2017.rds	8c0bea1ba7a3703d4a3347801e5521be1a1762f36db66005718472eba48b3c0c	85753
results/phase1b/hdll_pairs/ret_crae__sys_t2d_scott2017.rds.tsv	a0857545ee9d3e8a567912ddc64b08ed4b0041aab7e54a5e4791279270da66f9	402795
results/phase1b/hdll_pairs/ret_crve__sys_cad_nikpay2015.rds	2e20d274bb923d179c50d0307341156e2c52f5490cdcb856ea62820fceb988dc	75654
results/phase1b/hdll_pairs/ret_crve__sys_cad_nikpay2015.rds.tsv	5f7fe55a601940681ec61bb0e465b78d095aa0b7ed793037494f07a4fb1dc126	390512
results/phase1b/hdll_pairs/ret_crve__sys_ckd_wuttke2019.rds	08e519328c46e8f9e03d5b3e354b99e6939dae11b1b85f890fe5de54c9d6185d	77138
results/phase1b/hdll_pairs/ret_crve__sys_ckd_wuttke2019.rds.tsv	d13d2c2cde7854b433f4c3eadd04c0df97013dae3f7c7125e89d6939dbbdbff9	392634
results/phase1b/hdll_pairs/ret_crve__sys_stroke_megastroke2018.rds	e68a15812010a5dc60f6e1ffb510736db1d94d6d19da7d39fd4ec6a468f3b7a6	79003
results/phase1b/hdll_pairs/ret_crve__sys_stroke_megastroke2018.rds.tsv	1a904c21679757de91f06317584dbea4d52fc26f23966704434af8134839f9a9	412506
results/phase1b/hdll_pairs/ret_crve__sys_t2d_scott2017.rds	6b36aef3df640baf0982d1ba2d0cd00b349625ceda095ba3d7fb59fa36839692	86180
results/phase1b/hdll_pairs/ret_crve__sys_t2d_scott2017.rds.tsv	9331b272912b54a719b8726788632ba11db4ff363e6077cd7ccfd31bf416406c	403416
results/phase1b/hdll_pairs/ret_elm_isos_left__sys_ad_kunkle2019.rds	92f9af0383759883fbbad9403ebef8e188c130e4daf0d591017d5210813134a9	65388
results/phase1b/hdll_pairs/ret_elm_isos_left__sys_ad_kunkle2019.rds.tsv	62779e3e68daa8f8fcb8b975b86e62717ee58cbcf55b39999e1727e57484909f	397217
results/phase1b/hdll_pairs/ret_elm_isos_left__sys_ckd_wuttke2019.rds	6852b0bf148e47e24c252437c6a3fb65baa2a7b87ebe14b9c28ea253fa76245a	62605
results/phase1b/hdll_pairs/ret_elm_isos_left__sys_ckd_wuttke2019.rds.tsv	e5a2d2d57db7bc737496939660e01a86907386ec7b344f4e7581d8174e5914a1	395339
results/phase1b/hdll_pairs/ret_gcipl_left__sys_ad_kunkle2019.rds	90c57206081be1c6dcb94fc0c560d2ba6259b5a968ccf8984127bbc38da98768	67916
results/phase1b/hdll_pairs/ret_gcipl_left__sys_ad_kunkle2019.rds.tsv	ff0d79ebc4bf32890b32da0d9c03c55acc427b266d88aea88bfc0dbd540578e4	393040
results/phase1b/hdll_pairs/ret_gcipl_left__sys_pd_nalls2019_clinical.rds	3c6cce3913521f1417ffdc44835a85ed469335a460d4e14da6ca4c134295e6c5	64093
results/phase1b/hdll_pairs/ret_gcipl_left__sys_pd_nalls2019_clinical.rds.tsv	1c0defe632d39719b62466189c6c3dbd4788cd61831308c5bfcc627bc155ac54	407304
results/phase1b/hdll_pairs/ret_gcipl_left__sys_stroke_megastroke2018.rds	d9a4295d9aa530f8f5be0306d066c4c7352d24e00f13bf8722f2b52dd4c0e655	65907
results/phase1b/hdll_pairs/ret_gcipl_left__sys_stroke_megastroke2018.rds.tsv	39b83047a0a36274deb32570fef95065050aa469c989d12a4c2a2e31930c1291	409952
results/phase1b/hdll_pairs/ret_inl_elm_left__sys_ad_kunkle2019.rds	af3f0d47a591ba0664030e7d583bc9ad1f505f8d84e3b3b3de9885a63f93b41d	68886
results/phase1b/hdll_pairs/ret_inl_elm_left__sys_ad_kunkle2019.rds.tsv	289871b2863d2a0f58faefd0dc1f041ee4d089b0d9f774fc78d1c8766fc05ce7	399189
results/phase1b/hdll_pairs/ret_inl_elm_left__sys_pd_nalls2019_clinical.rds	44036e649bf1e7f6f9cb9b656788c8338456e77c0bd12510d5982585384ad1f9	65594
results/phase1b/hdll_pairs/ret_inl_elm_left__sys_pd_nalls2019_clinical.rds.tsv	7060f5c4ed9b5f86e9f5ee4493fb2f92c343271caa957260164b97b6941169b5	413755
results/phase1b/hdll_pairs/ret_inl_left__sys_ad_kunkle2019.rds	eb1ccd2644bcdb52a73d47fcfb336fd4cf8c8639cbe1e649e4f0001ddc28f61c	69066
results/phase1b/hdll_pairs/ret_inl_left__sys_ad_kunkle2019.rds.tsv	3d1f1bf737c6b01f96f1f6eb7faa5e3eb111bbfb2d1c203bd705efc23d673e4a	390187
results/phase1b/hdll_pairs/ret_inl_left__sys_pd_nalls2019_clinical.rds	aefe0d9ed622c18b9ac653074c8077bb04f506f95e64b90eee12c32e9a9cc4d7	65717
results/phase1b/hdll_pairs/ret_inl_left__sys_pd_nalls2019_clinical.rds.tsv	09bd8d50ce14b7c0ad62afad0d6322f84f6f3d9c73a2fe06dc388d23329f8419	404622
results/phase1b/hdll_pairs/ret_inl_left__sys_stroke_megastroke2018.rds	63be7d9069a65df69ca8d6646159bbb01e346cb960935a608dfc4966d0eff4fa	67428
results/phase1b/hdll_pairs/ret_inl_left__sys_stroke_megastroke2018.rds.tsv	eb0d8a6684aaa6d1a9606edc89788d19ed7118d705685c2de666814b8d9b4954	407331
results/phase1b/hdll_pairs/ret_isos_rpe_left__sys_ad_kunkle2019.rds	5f5b5c6098e007c998d22286205dd5cf937ce8454b8b18c05c0f430b1028d0a5	65701
results/phase1b/hdll_pairs/ret_isos_rpe_left__sys_ad_kunkle2019.rds.tsv	3d2fbada8b654d278c9ce98b637c05a1d204624a0b94d58992492f740636ff97	397832
results/phase1b/hdll_pairs/ret_isos_rpe_left__sys_pd_nalls2019_clinical.rds	e834ec91cef8d71be9e97f15caffe333fdcdcbda434deec0fc1269d541cfd49f	62451
results/phase1b/hdll_pairs/ret_isos_rpe_left__sys_pd_nalls2019_clinical.rds.tsv	862c264c151d0bc06e40b610f67fabefbcb520e8e32d1868a59f7d59ec978495	412535
results/phase1b/hdll_pairs/ret_macular_total_left__sys_ad_kunkle2019.rds	a7556162e81f8c627cf23e3e2e59b4fa20c0ebd793f80f8b0f3f772b76fe1167	68731
results/phase1b/hdll_pairs/ret_macular_total_left__sys_ad_kunkle2019.rds.tsv	803ed225a8287a36bba5ebeb191ff35bf567767b57402ee8b099c59c57e2ac3e	413567
results/phase1b/hdll_pairs/ret_macular_total_left__sys_ckd_wuttke2019.rds	f713d35044c7bdefce6accf73e19f46478744da659ced40f55df5ee52d4efc20	65364
results/phase1b/hdll_pairs/ret_macular_total_left__sys_ckd_wuttke2019.rds.tsv	13bf6f4e4a16cceb714c037faf990487cbe71b42d6e87e6548c2161135d884fe	411272
results/phase1b/hdll_pairs/ret_rnfl_left__sys_ad_kunkle2019.rds	c4edabba2fcbf6002157c12eae4aaada1ae8909450c4b5314953744122c0de05	65299
results/phase1b/hdll_pairs/ret_rnfl_left__sys_ad_kunkle2019.rds.tsv	d1bdcf53f9d65ff2b911e1f289bc504e267d7c0b25fcae01dd99be0637ed8210	387142
results/phase1b/hdll_pairs/ret_rnfl_left__sys_pd_nalls2019_clinical.rds	63058abfb859065aef64f536f20a7fe36aa651fe48f7d7d43eca725a9933bec4	61424
results/phase1b/hdll_pairs/ret_rnfl_left__sys_pd_nalls2019_clinical.rds.tsv	10afe03272c9668eb079d72466b16e3f90545456858c0400872892842c9dc0fe	401394
results/phase1b/hdll_pairs/ret_ven_density__sys_cad_nikpay2015.rds	dd1b44e0a24222b694c99c48a40793f0b6eed58c3f783098ffc2ae07077a6fd5	75393
results/phase1b/hdll_pairs/ret_ven_density__sys_cad_nikpay2015.rds.tsv	02a692fc03e432a059a606080d2c75fd7c28eaa047798697e2b75d6efd3b700f	407351
results/phase1b/hdll_pairs/ret_ven_density__sys_ckd_wuttke2019.rds	25ade7bfca10720fab334213f3541107699efa971298dd9681b6d0be79bbeff8	77011
results/phase1b/hdll_pairs/ret_ven_density__sys_ckd_wuttke2019.rds.tsv	c86460fd6b1af457e2be29cef09a07e7837fe438eda7f77c2e4e4409ca6c234b	409541
results/phase1b/hdll_pairs/ret_ven_density__sys_stroke_megastroke2018.rds	7ad311637c9e951d5c1e214c9c12814419b16b0ff65f74feb3c663bae46f7e5f	78988
results/phase1b/hdll_pairs/ret_ven_density__sys_stroke_megastroke2018.rds.tsv	6ec87252677a02c17e686a323a5b4e606a052290f3dd6f32dafd7b31ec8e684a	429621
results/phase1b/hdll_pairs/ret_ven_density__sys_t2d_scott2017.rds	1e62b0318d0a080aaac16f0ad7cc44ec0d2fc4c8bb0dd4a15048785f1ea49882	86271
results/phase1b/hdll_pairs/ret_ven_density__sys_t2d_scott2017.rds.tsv	4e05c062a83e5705598ed3ac274f50ef1e238d7c4edd9f495137bcb17685aef7	420487
results/phase1b/hdll_pairs/ret_ven_tort__sys_cad_nikpay2015.rds	be8a96fdbfa158140f1c43f30e735484e1981dc93ecb0ee3dafffce4a567c8cd	77740
results/phase1b/hdll_pairs/ret_ven_tort__sys_cad_nikpay2015.rds.tsv	5743f540a13bb95f1ba2745b55d3d0775f3e56b468789d05bf1a7a73ea6acf12	403160
results/phase1b/hdll_pairs/ret_ven_tort__sys_ckd_wuttke2019.rds	c019c0c4a0602911443b90faffdda150e915be9a7b2bcf2b8e49aae5e7a45e33	79282
results/phase1b/hdll_pairs/ret_ven_tort__sys_ckd_wuttke2019.rds.tsv	ac75999bbfd2d4f16455f49fec16109c1974ac9a439d177d1294991c435ec114	405443
results/phase1b/hdll_pairs/ret_ven_tort__sys_stroke_megastroke2018.rds	7a56954536f508a0f914f6ff6d354f3701c6bc015148f2a337e8ba159805e09f	81710
results/phase1b/hdll_pairs/ret_ven_tort__sys_stroke_megastroke2018.rds.tsv	8633af98cf22e4eff88dfbc37243b5794af22b348daac9474934dcca809b26ea	425670
results/phase1b/hdll_pairs/ret_ven_tort__sys_t2d_scott2017.rds	9b0f2ad94be87f0898c514a9ce81ced2ba8d685601be5507bc0f7c5c2902b53d	88302
results/phase1b/hdll_pairs/ret_ven_tort__sys_t2d_scott2017.rds.tsv	3f48bf10845fd381171a89b99ca6ddc8e8550f5dd8eeb605bb76b896308b706e	416009
results/phase1b/hdll_test/block1.rds	e636dbffd5674e727d96d5be140630586d34ebd13b635adca832fc88bce5af74	417
results/phase1b/hdll_test/block1.rds.tsv	5d360ddefa639489d838c8067b50422da3cbde4ccb18b7df9f868c4e92b70e8f	440
results/phase1b/hdll_test/four.rds	0d7d13ef9f9053d2b26d1e29bc144369d625c4e980e438607f524a4cc3a723e2	638
results/phase1b/hdll_test/four.rds.tsv	98baaf2046a5f6559c6c52aa901bef4267d31b9738a124d14d37154150d2ebbf	998
results/phase1b/lava_test_analytic.rds	2eb881019dcceb134236695a0cbd0ff7ec14548c60ca3d66dd27fa9df368e163	1352
results/phase1b/lava_test_analytic.tsv	58fa1d81a47f3f9b47cc91472275d317a84168cae092bdb5ead31a86ba81a5de	1602
results/phase1b/lava_test_analytic_univ.tsv	456afc612828b2048884519e311e315ac08103b299f62dbe3345e4e69058e3f6	1171
results/phase1b2/PHASE1B2_STATUS.tsv	b14a8c022e27511f00de1e32ab12656a8751feb47234982a1197b7b5c7fc0cd3	389
results/phase2a1/CRAE_CKD_IV_TRACE.tsv	9950ae28b4432ccd7121377ce6d9fef5154094122646196cd0f72fd33087436a	2520
results/phase2a1/CRAE_CKD_REPLICATION.tsv	0778f684c3f7d4cc3af70c63c0bfd39f3617a9044f898f91c8d51d41959a835f	227
results/phase2a1/CRAE_CKD_SINGLE_IV_SUMMARY.tsv	3618f1890a001762cc16bf1bccd278ba3c660ac232971ecb91c1feb40cab8762	655
results/phase2a1/CRAE_INSTRUMENT_RECONSTRUCTION.tsv	e5a2a2ee2c534e306169da89bde90e5836eb1855df5535814ba9a0e6e4404c37	48408
results/phase2a1/PRE_PHASE2A1_ARTIFACT_SHA256.tsv	bc78514230ce75c20c08c14fec5818e5492ae208ec12ebd3d8fdd9f3877f3903	61357
scripts/build_hg_docx.py	0df06dd2344d4102e410f07232b2881d7f4fd39688341924722e6ecac7eaec83	9091
scripts/build_hg_overlap_report.py	e77f28f7a3cbd8b182bfbb2efe6478ce0307179257b441d124aa7f0bdb15d684	5318
scripts/build_hg_tables.py	b84a9d63898ee2b5bbdcd2de4e4446f241705a466d9894412d5f70ccaa621421	3163
scripts/build_hmg_docx.py	26a521e9bb81bd50e5d45f62c3ca4f0698f60168c4745654fd53df91878b6f5a	15211
scripts/build_hmg_text.py	37e873ba58fd54cd3f3c7efcfab27ce3d996e8aa69f70a53f1f0c5e989b23200	70116
scripts/build_manuscript_docx.py	ab62bffee5a213b6953756e8985f03763a445996f047f3b7fc9f4ecd81235470	9939
scripts/build_manuscript_tables.py	0a0661950bc41c87b9593f95409dc7650fcf121469361abcdf03ad71f0f25bd2	5288
scripts/build_phase0_outputs.py	d047fbab914336675c6d552cb6cbd2585df903e4af43165a2e801d9e2104ad50	67428
scripts/build_phase1b1_audit.py	48da78bb96e77c93a6d736a9e067ca69316de6aa7e7197a9166c085ad5cbfed5	12294
scripts/build_phase1b_outputs.py	46ec020710b5144ab3528f9c3692ff32f9307bdc41fc93b0d74ebf1affe38136	14804
scripts/clump_instruments.py	3f5bd70d68194b5eebc027048ea0916e04699a55252afdfebb2eaf5fdd2d4318	4523
scripts/download_ld_reference.sh	ff03794016cc98d96ff7abc96f23f584b4590c569fa615c8c1ef45d5e4cb6f8b	732
scripts/download_phase0_inputs.py	d47643ad8bbdcf70a7354703f2f54a0217c8439aa1942ef354a6d9dc11f8f972	3678
scripts/finalize_lava.py	5c8417539d8d66c90c10099a8a267603c4ab82112d75f5a0450f98309a681738	2495
scripts/make_checksums.py	b0d87bfd97231d8f231eb93dfec0e3d86f1f5cfc74f174ef7d4ce48b9ae6ab27	1812
scripts/munge_sumstats_project.py	2433b9f8a8a2191e0c46304fda05155c888807cc7d95ab642368cc2685c4d673	1407
scripts/parallel_download_admitted.py	60e0098ecca14b79d013e2bbf38a00d679a46e060c2e274dc6433a77aadace1f	3766
scripts/parallel_download_zenodo.py	5fd8be54602cedef330867f9b5af9a9cdccc6e870e483744504374e94a133576	4449
scripts/parallel_range_download.py	aaa048c286a3a89b801ef17246e30e909e55113ab985031a1a15733da54601d4	3398
scripts/plot_hg_figures.py	a2fac396dde9ab153066ac8a14697af9ef44af385ea0c1879d604c95acba8d84	10067
scripts/plot_hmg_figures.py	4d372c4e75297f1b3afce4d8958b89851cb4b027979ee69f1c151591e1fd2db1	17140
scripts/plot_manuscript_figures.py	ea0270d4314219fb6a8e33a1e9ba3b06955b072445266e51ab9e907434b3da17	13609
scripts/prepare_hdll_rds.R	dd8a2a7b6837af0196722986a82f76427d8203c83c47b0603e93d071d7db8c8a	1393
scripts/prepare_lava_input.py	71685f7d41b8b3f7c38104a7a829f628e07b0253de4bb96cbd349da47cd71c93	2055
scripts/prepare_ldsc_inputs.py	d22409ac651ac126d380e5f5b60ddb8603af776abff4d5282f589624101674cd	15480
scripts/prepare_phase1b_local_inputs.py	97fd6dd56997c3f08307ec8b73c7f4ced909ff84222f024001bae94d0f5d7ce7	5473
scripts/qc_and_extract_instruments.py	6e644c409f0e4508b5181db13b1647317f85b3fde3c570dfbbef066577b34002	11981
scripts/record_partial_downloads.py	7d371cad82acb3c7e152c6cffe1db3d8a8999f9a4a64361acf00ec646e164a87	909
scripts/run_hdll_pair.R	309015bab09c5bc60fe5da0ac83d019a648db841d19e1cfe043278ce105d7eec	4411
scripts/run_phase1a_ldsc.py	717f0dc66de272b6b13d1ee6dc6e88e51ffaf40bf97a25936e59c6fc9a9f1607	14459
scripts/run_phase1b1_lava_native.R	347fd772f99e341e9540a68ac346e97f514cefd1d799733b02361be68bcac078	4590
scripts/run_phase1b1_lava_native_parallel.py	f3baddf394e0cfca04c3719720bb8a9fec6f2fb5503f618b28b5315158ca658a	2815
scripts/run_phase1b_hdll.py	6053baed3aeaaf97fb0e927ff819d246af430c4a847edfc67335e2ccd887e62e	9529
scripts/run_phase1b_lava.R	51a2c25a1c515abece41a1dd57b1300d9273a9384931bd8939e336cc2db9d08b	5343
scripts/run_phase1b_lava_parallel.py	0f93a5d28bd286c31a0af8d4054827a6211bf965139db091e13e542025f65e50	2966
scripts/run_phase2a1_crae_ckd_audit.py	3b5060d4e137ebd9f048f6243a54eb3f1ab247b4dd0e3dda61c312a26210c07c	14052
scripts/run_phase2a_mr.py	ad9620a9c919521619e5adf52e3a62275b2cf1b6e3da0ba9d24c4954a4ae0343	36183
scripts/run_phase2a_mrpresso.R	d51e45500e50929a3fea70a3ee7f5b90be5c3894907f132effedd7f7846f9589	2037
scripts/run_retinal_internal_rg.py	0d7e4a49921ffdc30c902c0c9988c81d2154e8d0f33a41be0d4368121c46ec73	16682
scripts/update_phase0_instrument_summary.py	d73bcc56805784809f0fa74544f8d15b3ef349de61bd0ae0a6f2dd7ec79ca0db	1709
scripts/watch_phase1b_complete.sh	f0f89a3b212e51a0bd052c156befdd180aaf68c01c933af7ff85f5904d265c87	554
supplement/SUPPLEMENTARY_INFORMATION_v1.docx	5ad621545d73c03570cf4ddaa9df37a2bddb2e192a04b27e44fe8d9af9289a36	42552
supplement/SUPPLEMENTARY_INFORMATION_v1.md	b5dedf4724c0137a93650059f1f3a3c5cec40063060349768d1a6268ed43d68b	9182
supplement/Supplementary_Table_S10_CRAE_CKD_IV_trace.tsv	9950ae28b4432ccd7121377ce6d9fef5154094122646196cd0f72fd33087436a	2520
supplement/Supplementary_Table_S1_GWAS_provenance.tsv	55958c7d572476729570b9b7db7273605ac9204ee20a264cd1fe03957b767577	23701
supplement/Supplementary_Table_S2_retinal_redundancy.tsv	8613e49e151483e5c5619e5bfa3c5a338953cf334e74f163824f5c66ef03b69e	17475
supplement/Supplementary_Table_S3_LDSC_112_pairs.tsv	72d0956d7bb9a437833aff1d433791ecc47611119b9b66dcfe862569e4f97b21	30436
supplement/Supplementary_Table_S4_Phase1B_47_pairs.tsv	6ec41d1416e34cbc5dc1f0755a651d50f4edfa785a94d17e4d4969b8f3709045	6829
supplement/Supplementary_Table_S5_HDLL_full_summary.tsv	6a9b7846d212ff4b8beddd7be503d2bd542c539fec90f22dfff89d72adb01bff	32869152
supplement/Supplementary_Table_S6_native_LAVA.tsv	229374847b53b326d4cfe4a61d38c4782aa06953fdaadb006618aa4634263606	7516247
supplement/Supplementary_Table_S7_LAVA_boundary.tsv	92c87ebd6f60b122e250a570cd45460faea58a83cd9a792348e82034cacb604c	1384
supplement/Supplementary_Table_S8_MR_directional_master.tsv	71d8b48688bfa8f89575635dd5878a90ea8ea9622e767a1f731f78e3a09e61f1	194755
supplement/Supplementary_Table_S9_MR_PRESSO_diagnostics.tsv	ad3609e573412820683b090e669a330f623fceed67e58ce0477da523554723cc	22529
supplement/hmg/FigureS1_global_rg.pdf	282459021a319c1f8e22ded11466e9945589e69dd9e01e21a0b32a35d5c4b510	44397
supplement/hmg/FigureS1_global_rg.png	f0b386f74e76dc685643a8cdf270ce370e94ab703d4c8e4ca79d8474835aaabd	371562
supplement/hmg/FigureS1_global_rg.svg	44b6e7c3bc919455f9065c0610b20215a5422a3a9415d87ec9f16d4446c8be51	46177
supplement/hmg/FigureS1_global_rg.tiff	efaee64445922ffb9d99647e0fd3f884cb5bab5c8e877f0c8f9ec63bd7befa15	50081342
supplement/hmg/FigureS2_MR_atlas.pdf	4a793ff9ec5ba4998c50155c4d82271fee1f109dbdffb449efc6e451ce41b9f8	46668
supplement/hmg/FigureS2_MR_atlas.png	0ad06673dd6e25267c4e3c073c2ea7d9d59fdc0f453195054627173e61d707bc	443335
supplement/hmg/FigureS2_MR_atlas.svg	5beb48ee215f5439427aee6ddd5135c93e726897ab97b87fac88eed1b1aba7bd	67143
supplement/hmg/FigureS2_MR_atlas.tiff	fb08a70c9c710e0cf511cc00bac568875ffa427a97d27114e081e117c5ca9240	54387806
supplement/hmg/FigureS3_LAVA_boundary.pdf	8fa2a87375ead6aeb1fbb8f201b45b3a693770a0ee18e69765d02f7902c84896	41385
supplement/hmg/FigureS3_LAVA_boundary.png	c5b3b8d18b199edc05cb40871fbc0966e1c4838bb8aea2dc7953d74f32d1be2f	212690
supplement/hmg/FigureS3_LAVA_boundary.svg	cba94418e1feafff57fc7d2a3d48339b72e8317a4678605f9f6b83205e1c1e34	10463
supplement/hmg/FigureS3_LAVA_boundary.tiff	6116ddccd4ab30a662be339f378a1709f022b09fb639b15f465dcff6603cca89	39318486
supplement/hmg/HMG_STROBE_MR_CHECKLIST.docx	a4749c281d73f270fd4e09d7eed592b7cc20e1f16f252548daa7918cd08b6fd4	38848
supplement/hmg/HMG_SUPPLEMENTARY_INFORMATION.docx	0fc03a89ed42c1702c1423bf92f65e02c7dc67e967919f708969e4a1b9423717	876996
supplement/hmg/HMG_SUPPLEMENTARY_INFORMATION.md	7bb849907225485868851c15f73f3f94895133d7b567c1d9e04125aab6946d58	1035
supplement/hmg/Supplementary_Table_S10_CRAE_CKD_trace.tsv	9950ae28b4432ccd7121377ce6d9fef5154094122646196cd0f72fd33087436a	2520
supplement/hmg/Supplementary_Table_S1_GWAS_provenance.tsv	55958c7d572476729570b9b7db7273605ac9204ee20a264cd1fe03957b767577	23701
supplement/hmg/Supplementary_Table_S2_retinal_redundancy.tsv	8613e49e151483e5c5619e5bfa3c5a338953cf334e74f163824f5c66ef03b69e	17475
supplement/hmg/Supplementary_Table_S3_LDSC_112_pairs.tsv	72d0956d7bb9a437833aff1d433791ecc47611119b9b66dcfe862569e4f97b21	30436
supplement/hmg/Supplementary_Table_S4_47_local_pairs.tsv	6ec41d1416e34cbc5dc1f0755a651d50f4edfa785a94d17e4d4969b8f3709045	6829
supplement/hmg/Supplementary_Table_S5_HDL_L_full.tsv	6a9b7846d212ff4b8beddd7be503d2bd542c539fec90f22dfff89d72adb01bff	32869152
supplement/hmg/Supplementary_Table_S6_LAVA_full.tsv	229374847b53b326d4cfe4a61d38c4782aa06953fdaadb006618aa4634263606	7516247
supplement/hmg/Supplementary_Table_S7_LAVA_boundary.tsv	92c87ebd6f60b122e250a570cd45460faea58a83cd9a792348e82034cacb604c	1384
supplement/hmg/Supplementary_Table_S8_MR_directions.tsv	71d8b48688bfa8f89575635dd5878a90ea8ea9622e767a1f731f78e3a09e61f1	194755
supplement/hmg/Supplementary_Table_S9_MR_sensitivity.tsv	ad3609e573412820683b090e669a330f623fceed67e58ce0477da523554723cc	22529
supplement/human_genetics/Supplementary_Figure_global_rg_heatmap.pdf	7f3731ed20f2ec9bf9ef37c7e4f87c8aae6cd34d518ebfc10c53d8c5485fbc85	44397
supplement/human_genetics/Supplementary_Figure_global_rg_heatmap.png	f0b386f74e76dc685643a8cdf270ce370e94ab703d4c8e4ca79d8474835aaabd	371562
supplement/human_genetics/Supplementary_Figure_global_rg_heatmap.svg	f54f08def05182bbe528475b94c29f6131f8587201d6a48fd1179b67eae80f2e	46177
supplement/human_genetics/Supplementary_Figure_global_rg_heatmap.tiff	efaee64445922ffb9d99647e0fd3f884cb5bab5c8e877f0c8f9ec63bd7befa15	50081342
supplement/human_genetics/Supplementary_Table_CRAE_CKD_trace.tsv	9950ae28b4432ccd7121377ce6d9fef5154094122646196cd0f72fd33087436a	2520
supplement/human_genetics/Supplementary_Table_MR_full.tsv	71d8b48688bfa8f89575635dd5878a90ea8ea9622e767a1f731f78e3a09e61f1	194755
supplement/human_genetics/Supplementary_Table_nominal_LDSC.tsv	bda39d6d41942b651e3b4c910e60c2962b73bb9602314b5d61cb80795f87824c	4245
tables/hmg/Table1_GWAS_inventory.tsv	7f08b4d107191dfd05d64f08d592a8c0d8b915be7779af20e9d9f8bddab67a67	7227
tables/hmg/Table2_integrated_evidence.tsv	ca38e217f09442cb9f47b211ea8fdc98d51a3c20fdb58e8e32b8f10c3fe8b23c	496
tables/hmg/Table3_retinal_domain_interpretation.tsv	e31e27251f46e8b1e04c8653ed090128a394636358ec34d2ddd0aaeb50d9850f	910
tables/human_genetics/Table1_GWAS_inventory.tsv	7f08b4d107191dfd05d64f08d592a8c0d8b915be7779af20e9d9f8bddab67a67	7227
tables/human_genetics/Table2_integrated_evidence.tsv	ca38e217f09442cb9f47b211ea8fdc98d51a3c20fdb58e8e32b8f10c3fe8b23c	496
tables/human_genetics/Table3_cross_method_interpretation.tsv	f4fbaf11492eecf29fbd4ecd613db8dd4bfc4311af2a08700eaf76be6669f788	684
tables/manuscript/Table1_GWAS_inventory.tsv	7f08b4d107191dfd05d64f08d592a8c0d8b915be7779af20e9d9f8bddab67a67	7227
tables/manuscript/Table2_integrated_evidence.tsv	ca38e217f09442cb9f47b211ea8fdc98d51a3c20fdb58e8e32b8f10c3fe8b23c	496
tables/manuscript/Table3_suggestive_results.tsv	18136a2e8fed64f82a92aa9ec39ebcd96950f7425d8d57b46b0d7237ac3a8365	1439
tables/manuscript/Table4_CRAE_CKD_audit.tsv	cbb0001218505b26394fc8eb7cc0448d0c07ad645ceebd11fe39927d4493b587	2803
