exposure	outcome	n_iv_final	method	beta	se	ci_low	ci_high	OR	p	q_amendment004_global	heterogeneity_Q	heterogeneity_p	egger_intercept	egger_p	weighted_median	weighted_median_p	weighted_mode	weighted_mode_p	egger_beta	steiger_direction	steiger_p	variance_explained_exposure	variance_explained_outcome	presso_status	loo_status	loo_beta_min	loo_beta_max	evidence_status	pair_id	direction	retinal_trait	disease	n_iv_initial	frequency_semantics	mean_F	min_F	effect_scale	multiple_testing_family
ret_rnfl_left	sys_cad_nikpay2015	16	IVW_random_effects	-0.0344498104209447	0.0717781165993768	-0.1751323338338362	0.1062327129919466	0.9661368284703964	0.6312639041020067	0.9627805128788594	27.44300213614619	0.0253274540032519	0.0037896011875245	0.333817836077898	-0.0784925143882895	0.1197999984349677	-0.1451710222699469	0.0040136125034554	-0.054692969771558	True	6.613740856240099e-82	0.0180248638753181	0.0013870427547779	COMPUTED_NO_OUTLIER	COMPUTED	-0.0771080270714096	-0.0019500657029677	NULL	ret_rnfl_left__sys_cad_nikpay2015	ret_rnfl_left_to_sys_cad_nikpay2015	ret_rnfl_left	sys_cad_nikpay2015	17	EFFECT_ALLELE	57.43514395864319	31.51634715346074	log_odds	BH_across_112_Amendment004_primary_directions
sys_cad_nikpay2015	ret_rnfl_left	30	IVW_random_effects	0.0130494591511921	0.0161400036000192	-0.0185843666151914	0.0446832849175757	NA	0.4187933139011653	0.9627805128788594	33.23963620568244	0.2681790542118257	0.0005501264079912	0.7488409560479008	0.0188024785595617	0.1828943061726293	-0.0020886008466048	0.8823833702405899	0.0130738992291099	True	0.0	0.0961566686599282	0.0007452109865117	COMPUTED_NO_OUTLIER	COMPUTED	0.0035919819282728	0.0208795151358461	NULL	ret_rnfl_left__sys_cad_nikpay2015	sys_cad_nikpay2015_to_ret_rnfl_left	ret_rnfl_left	sys_cad_nikpay2015	41	EFFECT_ALLELE	69.09358652761719	29.88157247129896	standardized_continuous_trait	BH_across_112_Amendment004_primary_directions
ret_rnfl_left	sys_stroke_megastroke2018	16	IVW_random_effects	-0.0212472445728551	0.0545433546484592	-0.1281502552798277	0.0856557661341174	0.9789768879221348	0.6968709477492135	0.9627805128788594	10.95191865545202	0.7559952703515248	0.0044619167177357	0.0679834997999221	-0.0438002983030842	0.4219537050647577	-0.0453228962050894	0.4060008851094375	-0.0147743256369216	True	8.716951059036758e-97	0.0180248638753181	0.000622635726695	COMPUTED_NO_OUTLIER	COMPUTED	-0.0504495659150032	-0.0037195709246891	NULL	ret_rnfl_left__sys_stroke_megastroke2018	ret_rnfl_left_to_sys_stroke_megastroke2018	ret_rnfl_left	sys_stroke_megastroke2018	17	EFFECT_ALLELE	57.43514395864319	31.51634715346074	log_odds	BH_across_112_Amendment004_primary_directions
sys_stroke_megastroke2018	ret_rnfl_left	7	IVW_random_effects	0.0441423361573371	0.0571354438788357	-0.0678410760858873	0.1561257484005616	NA	0.439764405846892	0.9627805128788594	11.554662467734724	0.0726738243172767	0.0199353423843812	0.6139511774785869	0.0846536277602523	0.0391116065914023	0.0370256945722223	0.3668885063641615	-0.2247553785494585	True	1.3920657695637636e-73	0.0126013954123037	0.0002944224818638	COMPUTED_NO_OUTLIER	COMPUTED	0.00482194394743	0.0772591553091802	NULL	ret_rnfl_left__sys_stroke_megastroke2018	sys_stroke_megastroke2018_to_ret_rnfl_left	ret_rnfl_left	sys_stroke_megastroke2018	10	EFFECT_ALLELE	35.271851003077884	30.39364839319471	standardized_continuous_trait	BH_across_112_Amendment004_primary_directions
ret_rnfl_left	sys_t2d_scott2017	14	IVW_random_effects	0.0099146942330247	0.0706470629907751	-0.1285510048424232	0.1483803933084728	1.0099640076549818	0.8883904064067936	0.9627805128788594	7.86854234088249	0.8520577252831074	-0.0017469627681853	0.5811772463618489	0.032382855021958	0.6466829729839982	-0.0496187846293435	0.4824625078423578	0.0022033299599788	True	1.1026309952957138e-69	0.0149343422172705	0.000589523406566	COMPUTED_NO_OUTLIER	COMPUTED	-0.0134508660060825	0.0501678871441056	NULL	ret_rnfl_left__sys_t2d_scott2017	ret_rnfl_left_to_sys_t2d_scott2017	ret_rnfl_left	sys_t2d_scott2017	17	EFFECT_ALLELE	54.30506887498935	31.51634715346074	log_odds	BH_across_112_Amendment004_primary_directions
sys_t2d_scott2017	ret_rnfl_left	28	IVW_random_effects	0.0146407115787294	0.0204504679644697	-0.0254414690986202	0.0547228922560791	NA	0.4740464082228929	0.9627805128788594	62.2657373317338	0.0001321073834807	-0.0014253744141302	0.5240681959476028	-0.0023130896551724	0.8501160708734112	-0.0026794681700285	0.826726377314315	0.0064968439386457	NA	NA	NA	NA	COMPUTED_NO_OUTLIER	COMPUTED	0.006178836992456	0.0233664688364121	NULL	ret_rnfl_left__sys_t2d_scott2017	sys_t2d_scott2017_to_ret_rnfl_left	ret_rnfl_left	sys_t2d_scott2017	40	UNKNOWN	65.4337237404373	30.617777777777786	standardized_continuous_trait	BH_across_112_Amendment004_primary_directions
ret_rnfl_left	sys_ckd_wuttke2019	16	IVW_random_effects	-0.0837978397022207	0.0503609413595381	-0.1825034709944463	0.0149077915900048	0.9196171473809304	0.0961234086542358	0.9627805128788594	14.3854676810717	0.4965180055556109	0.0020197892058991	0.4796611903129357	-0.0303856911018266	0.5462703681201715	-0.0535527964613117	0.2876098511522508	-0.0827137289604362	True	3.0113960834515872e-96	0.0180248638753181	0.0007776827783875	COMPUTED_NO_OUTLIER	COMPUTED	-0.0989714675906543	-0.0590168039717039	NULL	ret_rnfl_left__sys_ckd_wuttke2019	ret_rnfl_left_to_sys_ckd_wuttke2019	ret_rnfl_left	sys_ckd_wuttke2019	17	EFFECT_ALLELE	57.43514395864319	31.51634715346074	log_odds	BH_across_112_Amendment004_primary_directions
sys_ckd_wuttke2019	ret_rnfl_left	16	IVW_random_effects	-0.0076145841787351	0.0332871850999155	-0.0728562681212861	0.0576270997638159	NA	0.8190599477569072	0.9627805128788594	34.69833073278293	0.0027141131782257	-0.0043076211647216	0.2004952296476146	-0.0218349128296826	0.2764440883626304	0.0010844460987582	0.956892724279825	-0.0319802209513551	True	0.0	0.050369252914	0.0007662930777758	COMPUTED_NO_OUTLIER	COMPUTED	-0.0232924918525632	0.0076109087838409	NULL	ret_rnfl_left__sys_ckd_wuttke2019	sys_ckd_wuttke2019_to_ret_rnfl_left	ret_rnfl_left	sys_ckd_wuttke2019	23	EFFECT_ALLELE	67.41229033728953	29.56640625000001	standardized_continuous_trait	BH_across_112_Amendment004_primary_directions
ret_rnfl_left	sys_ad_kunkle2019	16	IVW_random_effects	0.0095734600796812	0.0770877087218589	-0.1415156726658722	0.1606625928252348	1.0096194322357166	0.9011654813703512	0.9627805128788594	8.357589911178483	0.908647736111946	-0.0029650415264532	0.3656049331462557	0.1215342806366005	0.1148941665598113	0.1160521849336619	0.1322067766078141	0.0036092359969273	True	2.9303888996245673e-66	0.0180248638753181	0.0009087965103301	COMPUTED_NO_OUTLIER	COMPUTED	-0.0170833011228449	0.0361897274799885	NULL	ret_rnfl_left__sys_ad_kunkle2019	ret_rnfl_left_to_sys_ad_kunkle2019	ret_rnfl_left	sys_ad_kunkle2019	17	EFFECT_ALLELE	57.43514395864319	31.51634715346074	log_odds	BH_across_112_Amendment004_primary_directions
sys_ad_kunkle2019	ret_rnfl_left	18	IVW_random_effects	-0.0020071769974284	0.0138112079502479	-0.029076647162907	0.0250622931680501	NA	0.8844506642229374	0.9627805128788594	23.93865172582451	0.121111457515405	0.0031534882241784	0.1340888214291481	-0.0043855899720294	0.5662915013333354	-0.0076641123256141	0.3162143555170056	-0.0058276054337471	True	0.0	0.3346634975276982	0.0005393612692716	COMPUTED_NO_OUTLIER	COMPUTED	-0.0086221116238321	0.0046784895805641	NULL	ret_rnfl_left__sys_ad_kunkle2019	sys_ad_kunkle2019_to_ret_rnfl_left	ret_rnfl_left	sys_ad_kunkle2019	19	UNKNOWN	201.459973137048	30.46466520492495	standardized_continuous_trait	BH_across_112_Amendment004_primary_directions
ret_rnfl_left	sys_pd_nalls2019_clinical	15	IVW_random_effects	-0.151619061321331	0.1163988144851133	-0.3797565455553059	0.0765184229126439	0.8593155649354276	0.1927173280058799	0.9627805128788594	10.8214434489107	0.7000026685266744	-0.0023415526243229	0.7178808701597661	-0.2201541309444497	0.058573932992915	-0.2215435654932047	0.0569995041340599	-0.1612268851051441	True	3.837922846415732e-24	0.0172887305654726	0.0031603926945059	COMPUTED_NO_OUTLIER	COMPUTED	-0.1787676382852038	-0.0700205881085109	NULL	ret_rnfl_left__sys_pd_nalls2019_clinical	ret_rnfl_left_to_sys_pd_nalls2019_clinical	ret_rnfl_left	sys_pd_nalls2019_clinical	17	EFFECT_ALLELE	58.959841672128974	31.51634715346074	log_odds	BH_across_112_Amendment004_primary_directions
sys_pd_nalls2019_clinical	ret_rnfl_left	10	IVW_random_effects	-0.0187073750060808	0.0174009686384781	-0.052812646833608	0.0153978968214464	NA	0.2823404142362861	0.9627805128788594	13.80820061866696	0.1293133431555351	-0.0034663178891296	0.267471910001144	-0.027145483431684	0.0431808795582346	-0.0165516978035903	0.2176248825080701	-0.0250603129325772	True	0.0	0.1236095278382324	0.0003796003918381	COMPUTED_NO_OUTLIER	COMPUTED	-0.0273657050850598	-0.010441812250306	NULL	ret_rnfl_left__sys_pd_nalls2019_clinical	sys_pd_nalls2019_clinical_to_ret_rnfl_left	ret_rnfl_left	sys_pd_nalls2019_clinical	15	EFFECT_ALLELE	57.90051221977404	31.768595041322307	standardized_continuous_trait	BH_across_112_Amendment004_primary_directions
ret_rnfl_left	sys_sle_bentham2015	15	IVW_random_effects	0.113757639780051	0.2232407635558066	-0.3237862166705397	0.5513014962306417	1.1204805320656348	0.6103500969105823	0.9627805128788594	28.128151701547115	0.0136808119111608	-0.0104117828059589	0.4102172075828183	0.1388120003245944	0.3285031076988864	0.1214367262522868	0.3926483762974537	0.0990032739050952	True	0.1074104141840621	0.0172663091722062	0.013433535176898	COMPUTED_NO_OUTLIER	COMPUTED	0.0106695783441055	0.192987961081136	NULL	ret_rnfl_left__sys_sle_bentham2015	ret_rnfl_left_to_sys_sle_bentham2015	ret_rnfl_left	sys_sle_bentham2015	17	EFFECT_ALLELE	58.64099568083215	31.51634715346074	log_odds	BH_across_112_Amendment004_primary_directions
sys_sle_bentham2015	ret_rnfl_left	28	IVW_random_effects	-0.0069063891822744	0.0050018385376732	-0.0167098125725982	0.0028970342080493	NA	0.1673496544595175	0.9627805128788594	32.7222959097767	0.2063890971615951	-0.001957180909799	0.2892984802665456	-0.0074910961014047	0.0805393713489546	-0.0055478405007636	0.1955854863668833	-0.0068960709789064	True	0.0	0.999998000001	0.0007533350451184	COMPUTED_NO_OUTLIER	COMPUTED	-0.0082084513132331	-0.0049504603875842	NULL	ret_rnfl_left__sys_sle_bentham2015	sys_sle_bentham2015_to_ret_rnfl_left	ret_rnfl_left	sys_sle_bentham2015	43	UNKNOWN	104.28994117494138	29.960511751951863	standardized_continuous_trait	BH_across_112_Amendment004_primary_directions
ret_rnfl_left	sys_ibd_delange2017	13	IVW_random_effects	0.0689436260701324	0.0932271980178681	-0.113778324424468	0.251665576564733	1.071375809781125	0.4595896812048635	0.9627805128788594	17.029860628053292	0.1484775013569531	0.0020133594529618	0.729862869612422	0.0046550492155078	0.9507117341943132	-0.0264948149976342	0.7249756532481857	0.0805837855914895	True	1.3698251004529643e-38	0.014198208907425	0.0016588889313351	COMPUTED_NO_OUTLIER	COMPUTED	0.0132126637243765	0.1048336080402153	NULL	ret_rnfl_left__sys_ibd_delange2017	ret_rnfl_left_to_sys_ibd_delange2017	ret_rnfl_left	sys_ibd_delange2017	17	EFFECT_ALLELE	55.82356046103804	31.51634715346074	log_odds	BH_across_112_Amendment004_primary_directions
sys_ibd_delange2017	ret_rnfl_left	90	IVW_random_effects	0.0042887698689279	0.0063804591114973	-0.008216700194437	0.0167942399322929	NA	0.5014738143336399	0.9627805128788594	90.47407896805632	0.4365154487755883	0.0007720595746159	0.3342118512066689	0.0043374523506988	0.4892591311210266	0.002854428328001	0.6490659236133783	0.0043677128079449	NA	NA	NA	NA	COMPUTED_NO_OUTLIER	COMPUTED	0.002913830646738	0.0067312404658359	NULL	ret_rnfl_left__sys_ibd_delange2017	sys_ibd_delange2017_to_ret_rnfl_left	ret_rnfl_left	sys_ibd_delange2017	117	UNKNOWN	71.21789186123773	29.86149172298345	standardized_continuous_trait	BH_across_112_Amendment004_primary_directions
ret_gcipl_left	sys_cad_nikpay2015	30	IVW_random_effects	-0.0554521866697877	0.037510712323664	-0.12897183185861	0.0180674585190345	0.9460572567370704	0.1393267798710764	0.9627805128788594	27.363985549531044	0.5520741825727349	0.0011166108391545	0.6011593249956295	-0.0514877145091191	0.1698724964834992	-0.0793775904171742	0.0343336466657765	-0.0577228756026081	True	1.6773929356519331e-192	0.0356249528209829	0.0016255983732292	COMPUTED_NO_OUTLIER	COMPUTED	-0.0646953638390688	-0.0382296669830537	NULL	ret_gcipl_left__sys_cad_nikpay2015	ret_gcipl_left_to_sys_cad_nikpay2015	ret_gcipl_left	sys_cad_nikpay2015	34	EFFECT_ALLELE	61.6870836373318	30.40217961165432	log_odds	BH_across_112_Amendment004_primary_directions
sys_cad_nikpay2015	ret_gcipl_left	30	IVW_random_effects	-0.0132029801131301	0.0196311869787846	-0.0516793995653186	0.0252734393390584	NA	0.5012327998960036	0.9627805128788594	45.94546631997098	0.0237594757764316	0.0018657040791614	0.3498492009513142	-0.0507039049286815	0.0003033873962489	-0.0491094612639536	0.0004673666148778	-0.0179088080367411	True	0.0	0.0961566686599282	0.0011361558628485	COMPUTED_NO_OUTLIER	COMPUTED	-0.022125988758419	-0.0072989993010404	NULL	ret_gcipl_left__sys_cad_nikpay2015	sys_cad_nikpay2015_to_ret_gcipl_left	ret_gcipl_left	sys_cad_nikpay2015	41	EFFECT_ALLELE	69.09358652761719	29.88157247129896	standardized_continuous_trait	BH_across_112_Amendment004_primary_directions
ret_gcipl_left	sys_stroke_megastroke2018	29	IVW_random_effects	0.0261049259924317	0.039532994908249	-0.0513783202287396	0.103588172213603	1.0264486439659637	0.5090404031515623	0.9627805128788594	23.00706566033949	0.7326866760709785	0.0015590402050294	0.4738422556366879	-0.0302912809576891	0.4435407510016672	-0.0110964400870201	0.7789496589447399	0.0297708128588025	True	7.770287329582401e-184	0.0349234022865753	0.0013587932094953	COMPUTED_NO_OUTLIER	COMPUTED	0.0131867086423471	0.0413104866115545	NULL	ret_gcipl_left__sys_stroke_megastroke2018	ret_gcipl_left_to_sys_stroke_megastroke2018	ret_gcipl_left	sys_stroke_megastroke2018	34	EFFECT_ALLELE	62.561296930025364	30.40217961165432	log_odds	BH_across_112_Amendment004_primary_directions
sys_stroke_megastroke2018	ret_gcipl_left	7	IVW_random_effects	0.0522076766015953	0.0399552167783724	-0.026103109278503	0.1305184624816937	NA	0.1913299692594301	0.9627805128788594	2.7248933407305613	0.8424982449095593	-0.0188609953478307	0.2484840167757711	0.077198916967509	0.0533427088758573	0.0982127395924408	0.0139685750472055	0.3120009055006809	True	1.0451272220319264e-85	0.0126013954123037	9.065819180504523e-05	COMPUTED_NO_OUTLIER	COMPUTED	0.0401780659382483	0.0708105120401595	NULL	ret_gcipl_left__sys_stroke_megastroke2018	sys_stroke_megastroke2018_to_ret_gcipl_left	ret_gcipl_left	sys_stroke_megastroke2018	10	EFFECT_ALLELE	35.271851003077884	30.39364839319471	standardized_continuous_trait	BH_across_112_Amendment004_primary_directions
ret_gcipl_left	sys_t2d_scott2017	24	IVW_random_effects	0.0619780091362058	0.0634163577778353	-0.0623157681390544	0.1862717864114662	1.063938947534292	0.3284112670166028	0.9627805128788594	28.28839613774152	0.2050720701360383	-0.0005301786549786	0.8853083206398119	0.104042525017498	0.0559732243130594	0.1018039015769722	0.0614670287407836	0.0712132762497523	True	5.242857510987743e-90	0.0272716760061017	0.0029683730976235	COMPUTED_NO_OUTLIER	COMPUTED	0.0420348504771521	0.0797137339989946	NULL	ret_gcipl_left__sys_t2d_scott2017	ret_gcipl_left_to_sys_t2d_scott2017	ret_gcipl_left	sys_t2d_scott2017	34	EFFECT_ALLELE	58.953257130460116	30.40217961165432	log_odds	BH_across_112_Amendment004_primary_directions
sys_t2d_scott2017	ret_gcipl_left	28	IVW_random_effects	-0.0092513526168878	0.01894610064549	-0.0463850275295184	0.0278823222957426	NA	0.6253384204121761	0.9627805128788594	54.513801292986585	0.0013158269275453	0.0014061607801336	0.4856688421817582	-0.0360795294117647	0.0029031940362877	-0.0337604007625888	0.0053297364622315	-0.0184620418232563	NA	NA	NA	NA	COMPUTED_NO_OUTLIER	COMPUTED	-0.0156176118792012	-0.0024977537763141	NULL	ret_gcipl_left__sys_t2d_scott2017	sys_t2d_scott2017_to_ret_gcipl_left	ret_gcipl_left	sys_t2d_scott2017	40	UNKNOWN	65.4337237404373	30.617777777777786	standardized_continuous_trait	BH_across_112_Amendment004_primary_directions
ret_gcipl_left	sys_ckd_wuttke2019	31	IVW_random_effects	-0.0300582167191708	0.0342628260572668	-0.0972121217999724	0.0370956883616308	0.9703890390378896	0.3803325966780352	0.9627805128788594	21.669404548211805	0.8657966772183425	0.0021158436426386	0.2281581029517776	-0.0034914209967075	0.9188351459693772	0.0104428887023674	0.7605278333383738	-0.0327936219757285	True	6.894901231387762e-236	0.0400817812719547	0.001185047896362	COMPUTED_NO_OUTLIER	COMPUTED	-0.0400249676592824	-0.0146774699108216	NULL	ret_gcipl_left__sys_ckd_wuttke2019	ret_gcipl_left_to_sys_ckd_wuttke2019	ret_gcipl_left	sys_ckd_wuttke2019	34	EFFECT_ALLELE	67.10775919108147	30.40217961165432	log_odds	BH_across_112_Amendment004_primary_directions
sys_ckd_wuttke2019	ret_gcipl_left	16	IVW_random_effects	0.0058905770174611	0.0274730322889791	-0.0479555768150424	0.0597367308499647	NA	0.8302249553231605	0.9627805128788594	24.30637586572192	0.0600700112564968	0.0015336200559471	0.5849054458568583	0.0140597228430934	0.4777278027420295	0.0358921876683879	0.0699217577156909	0.0131652911655251	True	0.0	0.050369252914	0.0004842361864844	COMPUTED_NO_OUTLIER	COMPUTED	-0.0035851298035174	0.0205866702528339	NULL	ret_gcipl_left__sys_ckd_wuttke2019	sys_ckd_wuttke2019_to_ret_gcipl_left	ret_gcipl_left	sys_ckd_wuttke2019	23	EFFECT_ALLELE	67.41229033728953	29.56640625000001	standardized_continuous_trait	BH_across_112_Amendment004_primary_directions
ret_gcipl_left	sys_ad_kunkle2019	30	IVW_random_effects	0.0946178428780468	0.0610708164164537	-0.0250787578046567	0.2143144435607504	1.0992386929519948	0.1213063660205424	0.9627805128788594	32.50492492204309	0.2981532717307413	-0.0001774209043088	0.9597188458818536	0.0728000728000728	0.1931075530924528	0.0334193560717002	0.5502169173615337	0.0934836379210184	True	1.1842760932126801e-96	0.0356249528209829	0.0040752928403374	COMPUTED_NO_OUTLIER	COMPUTED	0.0678063459795926	0.1204745313241869	NULL	ret_gcipl_left__sys_ad_kunkle2019	ret_gcipl_left_to_sys_ad_kunkle2019	ret_gcipl_left	sys_ad_kunkle2019	34	EFFECT_ALLELE	61.6870836373318	30.40217961165432	log_odds	BH_across_112_Amendment004_primary_directions
sys_ad_kunkle2019	ret_gcipl_left	18	IVW_random_effects	0.0025403605655998	0.0107003358752199	-0.0184319123723125	0.0235126335035122	NA	0.8123391802135681	0.9627805128788594	18.73696089439944	0.3438376295671614	-0.0009354931819504	0.6394066481852883	-0.0065979902620946	0.3839245828551374	-0.006262665975332	0.4085558761278037	-0.0010066561657197	True	0.0	0.3346634975276982	0.0004024580443191	COMPUTED_NO_OUTLIER	COMPUTED	-0.0034044345928874	0.0096717602763232	NULL	ret_gcipl_left__sys_ad_kunkle2019	sys_ad_kunkle2019_to_ret_gcipl_left	ret_gcipl_left	sys_ad_kunkle2019	19	UNKNOWN	201.459973137048	30.46466520492495	standardized_continuous_trait	BH_across_112_Amendment004_primary_directions
ret_gcipl_left	sys_pd_nalls2019_clinical	26	IVW_random_effects	0.0670050143803783	0.1153117105163671	-0.1590017852274035	0.2930118139881602	1.069300840042308	0.5611883746292661	0.9627805128788594	35.470749024448196	0.0800229465745405	0.0092790226724458	0.1735335933286468	-0.115677260443363	0.1859882260797607	-0.0978614977787182	0.2632030551830299	-0.0135314612723796	True	3.7398933430153005e-20	0.0325868936630044	0.0127980338415855	COMPUTED_NO_OUTLIER	COMPUTED	0.0071287423076246	0.1105306693856585	NULL	ret_gcipl_left__sys_pd_nalls2019_clinical	ret_gcipl_left_to_sys_pd_nalls2019_clinical	ret_gcipl_left	sys_pd_nalls2019_clinical	34	EFFECT_ALLELE	65.2023357100773	30.40217961165432	log_odds	BH_across_112_Amendment004_primary_directions
sys_pd_nalls2019_clinical	ret_gcipl_left	10	IVW_random_effects	0.0056014221349291	0.0274065093778074	-0.0481143491875312	0.0593171934573895	NA	0.8380542842933781	0.9627805128788594	33.21481354619555	0.0001225248545537	-0.001741202353039	0.7580964773359776	0.0269052390057361	0.0481695797262275	0.0163122123805155	0.2309412735976085	-0.0007389696033132	True	0.0	0.1236095278382324	0.0008329103980367	COMPUTED_NO_OUTLIER	COMPUTED	-0.0124874140667072	0.0245309220654849	NULL	ret_gcipl_left__sys_pd_nalls2019_clinical	sys_pd_nalls2019_clinical_to_ret_gcipl_left	ret_gcipl_left	sys_pd_nalls2019_clinical	15	EFFECT_ALLELE	57.90051221977404	31.768595041322307	standardized_continuous_trait	BH_across_112_Amendment004_primary_directions
ret_gcipl_left	sys_sle_bentham2015	27	IVW_random_effects	0.2396598718081074	0.1628372579759263	-0.0794952891659569	0.5588150327821719	1.2708168361717438	0.1410815365148154	0.9627805128788594	46.9918828665093	0.007050842621939	0.0014111263864761	0.8896875537586039	0.0602816534990554	0.58142785327885	0.0885909591360385	0.4178250082647006	0.2108806900065418	True	0.1163493880444533	0.0315424764795747	0.0264727449399059	COMPUTED_NO_OUTLIER	COMPUTED	0.1311934529452867	0.2854438311358537	NULL	ret_gcipl_left__sys_sle_bentham2015	ret_gcipl_left_to_sys_sle_bentham2015	ret_gcipl_left	sys_sle_bentham2015	34	EFFECT_ALLELE	60.62611504127829	30.40217961165432	log_odds	BH_across_112_Amendment004_primary_directions
sys_sle_bentham2015	ret_gcipl_left	28	IVW_random_effects	0.0009550724533874	0.00461074930498	-0.0080818301261162	0.0099919750328911	NA	0.8359002119391328	0.9627805128788594	29.611707320878686	0.3318798241168709	0.0030580488390664	0.0720766747791247	-0.000797791151111	0.8509623611272185	0.0013305464149349	0.7540058231119463	-0.0002709183957301	True	0.0	0.999998000001	0.0006167396262719	COMPUTED_NO_OUTLIER	COMPUTED	-0.0007518472907866	0.002873545614072	NULL	ret_gcipl_left__sys_sle_bentham2015	sys_sle_bentham2015_to_ret_gcipl_left	ret_gcipl_left	sys_sle_bentham2015	43	UNKNOWN	104.28994117494138	29.960511751951863	standardized_continuous_trait	BH_across_112_Amendment004_primary_directions
ret_gcipl_left	sys_ibd_delange2017	21	IVW_random_effects	0.0112949797190731	0.0751127431069272	-0.1359232915505094	0.1585132509886556	1.0113590088446485	0.8804698041621738	0.9627805128788594	26.8980775478754	0.1381559385835973	0.0049007419871333	0.1990574063956711	-0.0674972036872758	0.2856876206838792	-0.0891546795453304	0.158482300853062	0.018204266042394	True	8.33383146154482e-57	0.020820298370078	0.0023695011320408	COMPUTED_NO_OUTLIER	COMPUTED	-0.040665479554499	0.0374906845184685	NULL	ret_gcipl_left__sys_ibd_delange2017	ret_gcipl_left_to_sys_ibd_delange2017	ret_gcipl_left	sys_ibd_delange2017	34	EFFECT_ALLELE	51.38316687554146	30.40217961165432	log_odds	BH_across_112_Amendment004_primary_directions
sys_ibd_delange2017	ret_gcipl_left	90	IVW_random_effects	0.0036816017067367	0.0075779728097644	-0.0111709520762248	0.0185341554896984	NA	0.6270881534993726	0.9627805128788594	117.11023554701228	0.0245604931556975	0.0013602458819817	0.1301791841454046	0.013225625	0.0338299258703165	0.0058306381441006	0.3495079214564917	0.0017837658518756	NA	NA	NA	NA	COMPUTED_NO_OUTLIER	COMPUTED	0.001343569591404	0.0051503916439812	NULL	ret_gcipl_left__sys_ibd_delange2017	sys_ibd_delange2017_to_ret_gcipl_left	ret_gcipl_left	sys_ibd_delange2017	117	UNKNOWN	71.21789186123773	29.86149172298345	standardized_continuous_trait	BH_across_112_Amendment004_primary_directions
ret_inl_left	sys_cad_nikpay2015	59	IVW_random_effects	0.0383930347558414	0.0328357005304366	-0.0259637556909553	0.1027498252026381	1.0391395705951978	0.2423042474747994	0.9627805128788594	81.487570236505	0.0226961561526065	0.0027470686952851	0.1772780369700253	-0.0103532833242114	0.6762200401157423	0.0267878728520098	0.279893387130533	0.0261591364085561	True	0.0	0.0794326146865621	0.0050130500253646	COMPUTED_NO_OUTLIER	COMPUTED	0.0254365892855356	0.0454992317428381	NULL	ret_inl_left__sys_cad_nikpay2015	ret_inl_left_to_sys_cad_nikpay2015	ret_inl_left	sys_cad_nikpay2015	65	EFFECT_ALLELE	68.30876813008648	30.00826134660078	log_odds	BH_across_112_Amendment004_primary_directions
sys_cad_nikpay2015	ret_inl_left	30	IVW_random_effects	-0.0154195789293696	0.0216074554458303	-0.0577694134007496	0.0269302555420104	NA	0.4754602812637374	0.9627805128788594	53.538106587446904	0.0036548727986139	-0.0003082749986341	0.8987065875170767	-0.0434192034512271	0.002328189940599	-0.0407651662055962	0.0042537627356771	-0.022725533566006	True	0.0	0.0961566686599282	0.0013803765437545	COMPUTED_NO_OUTLIER	COMPUTED	-0.0310286833270592	-0.0087764143852639	NULL	ret_inl_left__sys_cad_nikpay2015	sys_cad_nikpay2015_to_ret_inl_left	ret_inl_left	sys_cad_nikpay2015	41	EFFECT_ALLELE	69.09358652761719	29.88157247129896	standardized_continuous_trait	BH_across_112_Amendment004_primary_directions
ret_inl_left	sys_stroke_megastroke2018	60	IVW_random_effects	0.029844098284862	0.0261458002028201	-0.0214007284596441	0.0810889250293681	1.0302938968464277	0.2536831111268486	0.9627805128788594	56.91005634581655	0.5529473432022427	0.0018188527978924	0.2668226845097066	-0.0096584140884066	0.7118251657888147	-0.0012540201020107	0.9617460630238648	0.026818542699418	True	0.0	0.0804588520778949	0.0032175426055848	COMPUTED_NO_OUTLIER	COMPUTED	0.0163729534624637	0.0409541293233727	NULL	ret_inl_left__sys_stroke_megastroke2018	ret_inl_left_to_sys_stroke_megastroke2018	ret_inl_left	sys_stroke_megastroke2018	65	EFFECT_ALLELE	68.03253362506925	30.00826134660078	log_odds	BH_across_112_Amendment004_primary_directions
sys_stroke_megastroke2018	ret_inl_left	7	IVW_random_effects	0.0037630608773869	0.04243619521755	-0.0794103533899196	0.0869364751446936	NA	0.9293396157934808	0.9630914594678393	6.5392237843171825	0.3655657748952263	-0.021848845951856	0.4292659817278126	0.0029944260027662	0.9412325764452852	-0.0182151262244206	0.6538326368688556	0.3035903781285473	True	6.846967508472252e-82	0.0126013954123037	0.0001388749427355	COMPUTED_NO_OUTLIER	COMPUTED	-0.0199119867154486	0.0305715347782333	NULL	ret_inl_left__sys_stroke_megastroke2018	sys_stroke_megastroke2018_to_ret_inl_left	ret_inl_left	sys_stroke_megastroke2018	10	EFFECT_ALLELE	35.271851003077884	30.39364839319471	standardized_continuous_trait	BH_across_112_Amendment004_primary_directions
ret_inl_left	sys_t2d_scott2017	54	IVW_random_effects	-0.0169904709675128	0.0490070524635169	-0.1130425287844682	0.0790615868494426	0.9831530530876562	0.7288209128749497	0.9627805128788594	94.44640562662904	0.0004016121212669	-0.0016617385909978	0.5805882794771002	0.0042926284837363	0.8967736392620261	0.029946133387098	0.3654252025538043	-1.3068140174025176e-05	True	5.002196004498201e-242	0.0754598557820616	0.0092899284628887	COMPUTED_NO_OUTLIER	COMPUTED	-0.0277353665400882	0.0050215574326278	NULL	ret_inl_left__sys_t2d_scott2017	ret_inl_left_to_sys_t2d_scott2017	ret_inl_left	sys_t2d_scott2017	65	EFFECT_ALLELE	70.92059931293329	30.00826134660078	log_odds	BH_across_112_Amendment004_primary_directions
sys_t2d_scott2017	ret_inl_left	28	IVW_random_effects	-0.0404462049326578	0.0217471585847633	-0.0830698525248739	0.0021774426595582	NA	0.0629083646721122	0.9627805128788594	69.46933936139985	1.3348559222747802e-05	-0.000784336644151	0.7585307751047331	-0.03959	0.0013632759792838	-0.0338072716693654	0.0062462178259609	-0.0486801607936831	NA	NA	NA	NA	COMPUTED_NO_OUTLIER	COMPUTED	-0.0474265267499643	-0.0278730944827024	NULL	ret_inl_left__sys_t2d_scott2017	sys_t2d_scott2017_to_ret_inl_left	ret_inl_left	sys_t2d_scott2017	40	UNKNOWN	65.4337237404373	30.617777777777786	standardized_continuous_trait	BH_across_112_Amendment004_primary_directions
ret_inl_left	sys_ckd_wuttke2019	59	IVW_random_effects	-0.0725038723532221	0.0321935793885066	-0.1356021284881245	-0.0094056162183197	0.9300621451241609	0.0243145556285974	0.9627805128788594	81.61363543882103	0.0221971994133979	0.0016281874193849	0.4182554849075107	-0.0186302135488228	0.447652165920595	-0.0207390082050318	0.3979512719878976	-0.0689823851482685	True	0.0	0.0796054773447916	0.0048149789543205	COMPUTED_NO_OUTLIER	COMPUTED	-0.0789648385962437	-0.041221415435936	SUGGESTIVE	ret_inl_left__sys_ckd_wuttke2019	ret_inl_left_to_sys_ckd_wuttke2019	ret_inl_left	sys_ckd_wuttke2019	65	EFFECT_ALLELE	68.4425962661972	30.00826134660078	log_odds	BH_across_112_Amendment004_primary_directions
sys_ckd_wuttke2019	ret_inl_left	16	IVW_random_effects	-0.0088951485632211	0.0338877979699303	-0.0753140120996524	0.05752371497321	NA	0.7929450480693143	0.9627805128788594	35.80089833275294	0.0018885172457955	-0.000302381774993	0.9322227986005296	0.0821957979436745	4.6015044509493265e-05	0.0605967299332317	0.0026629252368738	0.0119958541008488	True	0.0	0.050369252914	0.0007851339758112	COMPUTED_NO_OUTLIER	COMPUTED	-0.0249109059228205	0.0041215147300527	NULL	ret_inl_left__sys_ckd_wuttke2019	sys_ckd_wuttke2019_to_ret_inl_left	ret_inl_left	sys_ckd_wuttke2019	23	EFFECT_ALLELE	67.41229033728953	29.56640625000001	standardized_continuous_trait	BH_across_112_Amendment004_primary_directions
ret_inl_left	sys_ad_kunkle2019	60	IVW_random_effects	-0.0243119083632892	0.0439059807726384	-0.1103660493835662	0.0617422326569877	0.9759812455650084	0.5797659849984251	0.9627805128788594	68.76534125846456	0.1802818231110268	-0.0035597724846275	0.1603888214325156	-0.0753892877456188	0.0419919072858106	-0.0436504516257496	0.239013527443458	-0.0212488345287602	True	3.8585001957306665e-237	0.0804588520778949	0.0082627484182862	COMPUTED_NO_OUTLIER	COMPUTED	-0.0366884425702257	-0.0128708024760064	NULL	ret_inl_left__sys_ad_kunkle2019	ret_inl_left_to_sys_ad_kunkle2019	ret_inl_left	sys_ad_kunkle2019	65	EFFECT_ALLELE	68.03253362506925	30.00826134660078	log_odds	BH_across_112_Amendment004_primary_directions
sys_ad_kunkle2019	ret_inl_left	18	IVW_random_effects	0.020749655497765	0.0113268401497851	-0.0014505432544554	0.0429498542499855	NA	0.0669660965612338	0.9627805128788594	19.260804983175905	0.3137692312353058	-0.0040657647881985	0.0264640791439333	0.0335260540764529	1.2735878204730095e-05	0.0287504394237921	0.0001819228472104	0.02838617628915	True	0.0	0.3346634975276982	0.000683008282489	COMPUTED_NO_OUTLIER	COMPUTED	0.0132198432067924	0.029838396903888	NULL	ret_inl_left__sys_ad_kunkle2019	sys_ad_kunkle2019_to_ret_inl_left	ret_inl_left	sys_ad_kunkle2019	19	UNKNOWN	201.459973137048	30.46466520492495	standardized_continuous_trait	BH_across_112_Amendment004_primary_directions
ret_inl_left	sys_pd_nalls2019_clinical	57	IVW_random_effects	0.0511246468507891	0.0578274717184501	-0.0622151150343786	0.1644644087359569	1.0524540701930896	0.3766480287940957	0.9627805128788594	56.3744426265684	0.460840932608838	0.0020265060823713	0.6048893145921094	0.0099267033686402	0.8602241675976804	-0.0007494400389598	0.9893930410470584	0.0460802859892431	True	6.390567664729175e-89	0.0779993402511381	0.0185324391158622	COMPUTED_NO_OUTLIER	COMPUTED	0.032484356323665	0.0713204642576268	NULL	ret_inl_left__sys_pd_nalls2019_clinical	ret_inl_left_to_sys_pd_nalls2019_clinical	ret_inl_left	sys_pd_nalls2019_clinical	65	EFFECT_ALLELE	69.4305614786071	30.00826134660078	log_odds	BH_across_112_Amendment004_primary_directions
sys_pd_nalls2019_clinical	ret_inl_left	10	IVW_random_effects	-0.0123406247336086	0.018489260288315	-0.0485789089994918	0.0238976595322746	NA	0.5044858440232549	0.9627805128788594	15.35720549419086	0.0815799606887397	-0.0015812745008001	0.6536571952550966	-0.020359464627151	0.1309458904926597	-0.0307461984255495	0.0225525845140454	-0.0120213369051452	True	0.0	0.1236095278382324	0.0003672380677468	COMPUTED_NO_OUTLIER	COMPUTED	-0.0233943878252441	-0.0048998863446213	NULL	ret_inl_left__sys_pd_nalls2019_clinical	sys_pd_nalls2019_clinical_to_ret_inl_left	ret_inl_left	sys_pd_nalls2019_clinical	15	EFFECT_ALLELE	57.90051221977404	31.768595041322307	standardized_continuous_trait	BH_across_112_Amendment004_primary_directions
ret_inl_left	sys_sle_bentham2015	54	IVW_random_effects	0.0707891879475075	0.0915373012845993	-0.1086206258122943	0.2501990017073094	1.0733549258608373	0.4393229252206502	0.9627805128788594	67.87761676523795	0.0819883650216029	0.0007915503080068	0.8893234209919303	0.0266956710268184	0.7014475744343843	0.0913150118174903	0.189742004185504	0.0639763882714037	True	2.0762279073743412e-21	0.0756981974798095	0.0350910367927593	COMPUTED_NO_OUTLIER	COMPUTED	0.0447439734372555	0.0950377743738773	NULL	ret_inl_left__sys_sle_bentham2015	ret_inl_left_to_sys_sle_bentham2015	ret_inl_left	sys_sle_bentham2015	65	EFFECT_ALLELE	71.16478102768404	30.00826134660078	log_odds	BH_across_112_Amendment004_primary_directions
sys_sle_bentham2015	ret_inl_left	28	IVW_random_effects	0.0025210544320612	0.0051682373739802	-0.0076085046844935	0.012650613548616	NA	0.625693123158878	0.9627805128788594	34.24178038873118	0.1591308779805091	0.0020838542802067	0.2723340636191947	-0.0085046162128098	0.0480083220625217	-0.0104349736322806	0.0152622163017709	-0.0001465416011186	True	0.0	0.999998000001	0.0007251838750072	COMPUTED_NO_OUTLIER	COMPUTED	-0.0017677136479994	0.0045493091579635	NULL	ret_inl_left__sys_sle_bentham2015	sys_sle_bentham2015_to_ret_inl_left	ret_inl_left	sys_sle_bentham2015	43	UNKNOWN	104.28994117494138	29.960511751951863	standardized_continuous_trait	BH_across_112_Amendment004_primary_directions
ret_inl_left	sys_ibd_delange2017	49	IVW_random_effects	-0.0380581354163765	0.0481839699833208	-0.1324969812158419	0.0563807103830888	0.9626569748003516	0.4296150506955559	0.9627805128788594	73.17788199929639	0.0110863178125666	0.0041677899451513	0.1399098937099876	-0.0270972173035854	0.428267030506702	-0.0598968065039646	0.0799416921139248	-0.0486396355936887	True	1.1627521608481372e-210	0.0691212757961515	0.0065133473382575	COMPUTED_NO_OUTLIER	COMPUTED	-0.0527487773008869	-0.0257068424553343	NULL	ret_inl_left__sys_ibd_delange2017	ret_inl_left_to_sys_ibd_delange2017	ret_inl_left	sys_ibd_delange2017	65	EFFECT_ALLELE	71.61200102976461	30.00826134660078	log_odds	BH_across_112_Amendment004_primary_directions
sys_ibd_delange2017	ret_inl_left	90	IVW_random_effects	-0.0093147795079355	0.0072255927414272	-0.0234766810480865	0.0048471220322153	NA	0.197350435546883	0.9627805128788594	106.186864372249	0.1033356558018543	0.0002642895806116	0.7629121849473568	-0.0088452721191851	0.1603280038514314	-0.0101752759123632	0.1062945345568031	-0.0092378779247159	NA	NA	NA	NA	COMPUTED_NO_OUTLIER	COMPUTED	-0.0113144783274212	-0.0076100952273344	NULL	ret_inl_left__sys_ibd_delange2017	sys_ibd_delange2017_to_ret_inl_left	ret_inl_left	sys_ibd_delange2017	117	UNKNOWN	71.21789186123773	29.86149172298345	standardized_continuous_trait	BH_across_112_Amendment004_primary_directions
ret_inl_elm_left	sys_cad_nikpay2015	77	IVW_random_effects	0.0337269330251899	0.0311089894344135	-0.027245565861696	0.0946994319120759	1.0343021344080598	0.2782965562851692	0.9627805128788594	164.59411346256917	1.7434739429944557e-08	0.0036376614125227	0.0824395416487267	0.0312389851476594	0.0937559074450332	0.028092086977004	0.1317889416849427	0.0264462944379181	True	0.0	0.1321379512944653	0.0090512127502065	COMPUTED_NO_OUTLIER	COMPUTED	0.0236414653755761	0.0424639093845409	NULL	ret_inl_elm_left__sys_cad_nikpay2015	ret_inl_elm_left_to_sys_cad_nikpay2015	ret_inl_elm_left	sys_cad_nikpay2015	84	EFFECT_ALLELE	86.20424151620811	30.480385919668453	log_odds	BH_across_112_Amendment004_primary_directions
sys_cad_nikpay2015	ret_inl_elm_left	30	IVW_random_effects	0.0066209875627289	0.0188775964272665	-0.0303784215493946	0.0436203966748524	NA	0.7257890023481169	0.9627805128788594	41.74482182082418	0.0591932184219073	-0.0015558067345162	0.4133965319292916	-0.0212439955659563	0.1356101375386368	-0.0236516483294616	0.0966188025015158	-0.0089759112668717	True	0.0	0.0961566686599282	0.0008743209525678	COMPUTED_NO_OUTLIER	COMPUTED	-0.0069843027197173	0.0141553368456038	NULL	ret_inl_elm_left__sys_cad_nikpay2015	sys_cad_nikpay2015_to_ret_inl_elm_left	ret_inl_elm_left	sys_cad_nikpay2015	41	EFFECT_ALLELE	69.09358652761719	29.88157247129896	standardized_continuous_trait	BH_across_112_Amendment004_primary_directions
ret_inl_elm_left	sys_stroke_megastroke2018	76	IVW_random_effects	0.0094089846345036	0.0201638064897655	-0.0301113498766706	0.0489293191456779	1.0094533882855905	0.6407664786338396	0.9627805128788594	72.65401465527444	0.5552642166315518	0.000792440171532	0.5873554789319204	-0.0231527876647476	0.250871578111451	-0.0109873612771503	0.5858187787357204	0.0084523090787712	True	0.0	0.1300422171434702	0.00405387304295	COMPUTED_NO_OUTLIER	COMPUTED	0.0028610511900385	0.0177825825771368	NULL	ret_inl_elm_left__sys_stroke_megastroke2018	ret_inl_elm_left_to_sys_stroke_megastroke2018	ret_inl_elm_left	sys_stroke_megastroke2018	84	EFFECT_ALLELE	85.95742947344976	30.480385919668453	log_odds	BH_across_112_Amendment004_primary_directions
sys_stroke_megastroke2018	ret_inl_elm_left	7	IVW_random_effects	0.081812155499268	0.0464185180292076	-0.0091664680536995	0.1727907790522356	NA	0.0779866111798644	0.9627805128788594	7.622141420005009	0.2671132554281554	-0.0477882367838127	0.0441969479861086	0.0724450381679389	0.0783407953516645	0.1217892455360892	0.0030819209580821	0.7398953065917039	True	2.6744648722910286e-75	0.0126013954123037	0.0002584276135632	COMPUTED_NO_OUTLIER	COMPUTED	0.0574174333649351	0.122668675690816	NULL	ret_inl_elm_left__sys_stroke_megastroke2018	sys_stroke_megastroke2018_to_ret_inl_elm_left	ret_inl_elm_left	sys_stroke_megastroke2018	10	EFFECT_ALLELE	35.271851003077884	30.39364839319471	standardized_continuous_trait	BH_across_112_Amendment004_primary_directions
ret_inl_elm_left	sys_t2d_scott2017	68	IVW_random_effects	-0.0193833212849048	0.0296536054349253	-0.0775033199491181	0.0387366773793085	0.980803327384636	0.5133320622666524	0.9627805128788594	75.4244456529842	0.224713616379616	0.0029240671835007	0.142868694248867	-0.0794797188491336	0.0018243573358975	-0.0480940042197608	0.0592425744248568	-0.0379549303335391	True	0.0	0.1209602425936673	0.0067326178787599	COMPUTED_NO_OUTLIER	COMPUTED	-0.0282660822918126	-0.0124113654090426	NULL	ret_inl_elm_left__sys_t2d_scott2017	ret_inl_elm_left_to_sys_t2d_scott2017	ret_inl_elm_left	sys_t2d_scott2017	84	EFFECT_ALLELE	89.39462805299885	30.480385919668453	log_odds	BH_across_112_Amendment004_primary_directions
sys_t2d_scott2017	ret_inl_elm_left	28	IVW_random_effects	-0.0175815387049433	0.0163361403112213	-0.0495997853613292	0.0144367079514425	NA	0.2818218217187115	0.9627805128788594	39.97491218199017	0.0515144242259018	-0.001375947924872	0.4160029444063251	-0.0767120224719101	3.9548149871685766e-10	-0.0805905713236722	4.9612823699214045e-11	-0.03471105524212	NA	NA	NA	NA	COMPUTED_NO_OUTLIER	COMPUTED	-0.0259950108843429	-0.010679720931152	NULL	ret_inl_elm_left__sys_t2d_scott2017	sys_t2d_scott2017_to_ret_inl_elm_left	ret_inl_elm_left	sys_t2d_scott2017	40	UNKNOWN	65.4337237404373	30.617777777777786	standardized_continuous_trait	BH_across_112_Amendment004_primary_directions
ret_inl_elm_left	sys_ckd_wuttke2019	76	IVW_random_effects	-0.0207750804226583	0.0252038868793181	-0.070173790976542	0.0286236301312254	0.9794392348557168	0.4097800168433843	0.9627805128788594	106.63157918907694	0.009595196785104	0.0017478150706317	0.3178900981066389	0.0262628636197137	0.1636045178488153	0.0172180103674925	0.3610910940011415	-0.015358604332602	True	0.0	0.1300763667257709	0.0064061314864928	COMPUTED_NO_OUTLIER	COMPUTED	-0.0258966724587558	-0.0072443212161414	NULL	ret_inl_elm_left__sys_ckd_wuttke2019	ret_inl_elm_left_to_sys_ckd_wuttke2019	ret_inl_elm_left	sys_ckd_wuttke2019	84	EFFECT_ALLELE	85.98419052276142	30.480385919668453	log_odds	BH_across_112_Amendment004_primary_directions
sys_ckd_wuttke2019	ret_inl_elm_left	16	IVW_random_effects	-0.0229888375847495	0.0282039611793349	-0.0782675857176103	0.0322899105481113	NA	0.4150193571216585	0.9627805128788594	24.82818023413958	0.0522990635413422	0.0009028887331321	0.7627452840934595	0.0397018775145283	0.0482847061035755	0.0159680954314132	0.4270287552145128	-0.0097678105231455	True	0.0	0.050369252914	0.0005630727741615	COMPUTED_NO_OUTLIER	COMPUTED	-0.0326361571509846	0.002528413400575	NULL	ret_inl_elm_left__sys_ckd_wuttke2019	sys_ckd_wuttke2019_to_ret_inl_elm_left	ret_inl_elm_left	sys_ckd_wuttke2019	23	EFFECT_ALLELE	67.41229033728953	29.56640625000001	standardized_continuous_trait	BH_across_112_Amendment004_primary_directions
ret_inl_elm_left	sys_ad_kunkle2019	78	IVW_random_effects	0.0015251694915651	0.0286491564346427	-0.0546261453077871	0.0576764842909174	1.0015263331540731	0.957543788997779	0.967740854220672	74.30273398423753	0.5659333897188918	0.0005299863892349	0.7971482252497412	-0.0221160956797589	0.440136198714028	0.0269581299530161	0.3467178501333043	-0.0009346238854271	True	0.0	0.1330996523514594	0.0085903330821934	COMPUTED_NO_OUTLIER	COMPUTED	-0.012955672446375	0.0097344275517403	NULL	ret_inl_elm_left__sys_ad_kunkle2019	ret_inl_elm_left_to_sys_ad_kunkle2019	ret_inl_elm_left	sys_ad_kunkle2019	84	EFFECT_ALLELE	85.7278645072113	30.480385919668453	log_odds	BH_across_112_Amendment004_primary_directions
sys_ad_kunkle2019	ret_inl_elm_left	18	IVW_random_effects	0.0136637345472608	0.0182870235363544	-0.0221781729684292	0.0495056420629508	NA	0.4549537168625256	0.9627805128788594	40.370169722344315	0.0011472754086017	-0.0016431505181379	0.5787557745769636	-0.0120626748161193	0.1180609409570838	-0.0086296407488175	0.2635049723728663	-0.003257686673045	True	0.0	0.3346634975276982	0.0009003937512289	COMPUTED_NO_OUTLIER	COMPUTED	0.0069889377095553	0.0214573643315156	NULL	ret_inl_elm_left__sys_ad_kunkle2019	sys_ad_kunkle2019_to_ret_inl_elm_left	ret_inl_elm_left	sys_ad_kunkle2019	19	UNKNOWN	201.459973137048	30.46466520492495	standardized_continuous_trait	BH_across_112_Amendment004_primary_directions
ret_inl_elm_left	sys_pd_nalls2019_clinical	73	IVW_random_effects	-0.0347663190131206	0.0583710409205093	-0.1491714569574295	0.0796388189311882	0.96583108625054	0.5514364433684387	0.9627805128788594	92.452105097565	0.0526443158951078	0.0038090686461877	0.3196908991892085	0.0209073803052477	0.638832085744724	0.018873583194839	0.6718011384892928	-0.0217130506781851	True	8.380021870078023e-164	0.1219090543786597	0.0251489083338533	COMPUTED_NO_OUTLIER	COMPUTED	-0.0490839622734801	-0.0115090390469577	NULL	ret_inl_elm_left__sys_pd_nalls2019_clinical	ret_inl_elm_left_to_sys_pd_nalls2019_clinical	ret_inl_elm_left	sys_pd_nalls2019_clinical	84	EFFECT_ALLELE	83.91969389772912	30.480385919668453	log_odds	BH_across_112_Amendment004_primary_directions
sys_pd_nalls2019_clinical	ret_inl_elm_left	10	IVW_random_effects	-0.038098101701798	0.0408941124714038	-0.1182490893254776	0.0420528859218816	NA	0.3515287887692002	0.9627805128788594	66.03409369922791	9.075284967963172e-11	0.0071174469213797	0.4386189402022757	0.0112883747609942	0.4323884742723584	0.0238762767445716	0.0967928643777394	-0.0473572148922736	True	0.0	0.1236095278382324	0.0026811651084219	COMPUTED_NO_OUTLIER	COMPUTED	-0.0565659870352134	-0.0060447109692304	NULL	ret_inl_elm_left__sys_pd_nalls2019_clinical	sys_pd_nalls2019_clinical_to_ret_inl_elm_left	ret_inl_elm_left	sys_pd_nalls2019_clinical	15	EFFECT_ALLELE	57.90051221977404	31.768595041322307	standardized_continuous_trait	BH_across_112_Amendment004_primary_directions
ret_inl_elm_left	sys_sle_bentham2015	64	IVW_random_effects	-0.0277162873762925	0.0601813198184302	-0.1456695067624991	0.090236932009914	0.9726642847949128	0.6451241080401098	0.9627805128788594	59.51225384417752	0.6013819039418906	-0.0026558469254056	0.5431665168315349	-0.1021445778989171	0.0896436505438175	-0.075259083317047	0.2111027433436019	-0.0214011753848601	True	7.687393590910539e-83	0.1164279532161664	0.0273891055455538	COMPUTED_NO_OUTLIER	COMPUTED	-0.049638694454227	-0.0084779755981831	NULL	ret_inl_elm_left__sys_sle_bentham2015	ret_inl_elm_left_to_sys_sle_bentham2015	ret_inl_elm_left	sys_sle_bentham2015	84	EFFECT_ALLELE	91.44164749331006	30.480385919668453	log_odds	BH_across_112_Amendment004_primary_directions
sys_sle_bentham2015	ret_inl_elm_left	28	IVW_random_effects	0.0075331988142326	0.0055869946581045	-0.0034171094974696	0.0184835071259348	NA	0.1775473009685095	0.9627805128788594	38.667780384338926	0.0678972122724275	0.000965296262985	0.6407902610988137	0.0096081676212429	0.0261260837967384	0.0059790882342997	0.1663018601244607	0.0077103946393308	True	0.0	0.999998000001	0.0008939790068223	COMPUTED_NO_OUTLIER	COMPUTED	0.005400428039885	0.0093766723594626	NULL	ret_inl_elm_left__sys_sle_bentham2015	sys_sle_bentham2015_to_ret_inl_elm_left	ret_inl_elm_left	sys_sle_bentham2015	43	UNKNOWN	104.28994117494138	29.960511751951863	standardized_continuous_trait	BH_across_112_Amendment004_primary_directions
ret_inl_elm_left	sys_ibd_delange2017	60	IVW_random_effects	0.0050967278336289	0.0403357214449054	-0.0739598334888235	0.0841532891560814	1.0051097382450516	0.8994488069029766	0.9627805128788594	99.6908872246122	0.0007366359251408	0.0064142398149165	0.0356042161581516	0.0286818115846873	0.2855979886725996	0.0354317301906128	0.1871260675162104	-0.0077249176588362	True	0.0	0.1114597512980048	0.0114699168838325	COMPUTED_NO_OUTLIER	COMPUTED	-0.0060687404990365	0.019074838379714	NULL	ret_inl_elm_left__sys_ibd_delange2017	ret_inl_elm_left_to_sys_ibd_delange2017	ret_inl_elm_left	sys_ibd_delange2017	84	EFFECT_ALLELE	93.38764179135882	30.480385919668453	log_odds	BH_across_112_Amendment004_primary_directions
sys_ibd_delange2017	ret_inl_elm_left	90	IVW_random_effects	-0.0024545972333415	0.007446716864817	-0.0170498940914496	0.0121406996247665	NA	0.7416860511671937	0.9627805128788594	111.02649626394717	0.056983914784674	0.0010853358038453	0.2208639125882259	0.0099428208386277	0.1158001012984905	0.0224033108622365	0.0003948291981527	-0.0011901003842274	NA	NA	NA	NA	COMPUTED_NO_OUTLIER	COMPUTED	-0.0041897644532075	0.0003954153057714	NULL	ret_inl_elm_left__sys_ibd_delange2017	sys_ibd_delange2017_to_ret_inl_elm_left	ret_inl_elm_left	sys_ibd_delange2017	117	UNKNOWN	71.21789186123773	29.86149172298345	standardized_continuous_trait	BH_across_112_Amendment004_primary_directions
ret_elm_isos_left	sys_cad_nikpay2015	20	IVW_random_effects	0.0551321558979956	0.0549523805139097	-0.052572530774005	0.1628368425699964	1.0566802519759388	0.3157298948143756	0.9627805128788594	25.181208411833502	0.1546635814875119	0.0020798170192216	0.4967923207706992	0.08130081300813	0.0753126516748751	0.0459954223885817	0.3143161942352849	0.0696222312480934	True	5.582959495007718e-101	0.0213013390402756	0.0014245691993286	COMPUTED_NO_OUTLIER	COMPUTED	0.0353050370653804	0.0714681434122244	NULL	ret_elm_isos_left__sys_cad_nikpay2015	ret_elm_isos_left_to_sys_cad_nikpay2015	ret_elm_isos_left	sys_cad_nikpay2015	22	EFFECT_ALLELE	54.16807775299408	29.909437620033845	log_odds	BH_across_112_Amendment004_primary_directions
sys_cad_nikpay2015	ret_elm_isos_left	30	IVW_random_effects	-0.0207731891442371	0.020266458466648	-0.0604947178330431	0.0189483395445687	NA	0.3053615761780107	0.9627805128788594	48.06665683988	0.014465596708726	-0.0002451875258954	0.9081704339539252	0.0005734949043238	0.9676747373556396	0.006038849348053	0.6695814978552008	-0.0216557937986219	True	0.0	0.0961566686599282	0.0013101127727911	COMPUTED_NO_OUTLIER	COMPUTED	-0.0273084910430019	-0.0115767370361678	NULL	ret_elm_isos_left__sys_cad_nikpay2015	sys_cad_nikpay2015_to_ret_elm_isos_left	ret_elm_isos_left	sys_cad_nikpay2015	41	EFFECT_ALLELE	69.09358652761719	29.88157247129896	standardized_continuous_trait	BH_across_112_Amendment004_primary_directions
ret_elm_isos_left	sys_stroke_megastroke2018	20	IVW_random_effects	0.0134339095449592	0.0502964640996392	-0.0851453486400427	0.1120131677299613	1.0135245499379455	0.7893963927743513	0.9627805128788594	19.631507224123823	0.4170503023253035	0.0063016960310753	0.0098208884847169	-0.0359313804367693	0.4646651098998313	0.0004952915929898	0.9919582964709514	0.0252035783889459	True	1.4915449636138537e-103	0.0213013390402756	0.0010649443894919	COMPUTED_NO_OUTLIER	COMPUTED	-0.0053748702631048	0.0303532455571518	NULL	ret_elm_isos_left__sys_stroke_megastroke2018	ret_elm_isos_left_to_sys_stroke_megastroke2018	ret_elm_isos_left	sys_stroke_megastroke2018	22	EFFECT_ALLELE	54.16807775299408	29.909437620033845	log_odds	BH_across_112_Amendment004_primary_directions
sys_stroke_megastroke2018	ret_elm_isos_left	7	IVW_random_effects	0.0045575442383343	0.0484989699696052	-0.0904986901893789	0.0996137786660476	NA	0.9251314148997856	0.9630914594678393	8.502183912670882	0.203570461135641	0.0177872572323612	0.5936231652673387	-0.0177280757097791	0.6625889402470131	-0.0306547456033687	0.4505454539102215	-0.2362460478259273	True	2.9239786986352106e-78	0.0126013954123037	0.0001883203768314	COMPUTED_NO_OUTLIER	COMPUTED	-0.0294417711736248	0.0279438818779796	NULL	ret_elm_isos_left__sys_stroke_megastroke2018	sys_stroke_megastroke2018_to_ret_elm_isos_left	ret_elm_isos_left	sys_stroke_megastroke2018	10	EFFECT_ALLELE	35.271851003077884	30.39364839319471	standardized_continuous_trait	BH_across_112_Amendment004_primary_directions
ret_elm_isos_left	sys_t2d_scott2017	19	IVW_random_effects	0.0083005753508573	0.0744304113566155	-0.1375803502626061	0.1541815009643208	1.0083351206422144	0.9112029854032062	0.9627805128788594	25.27967871349406	0.117404275943882	0.0028493167507393	0.4870551076423386	0.0076995334082754	0.8992536670471741	-0.1236017423037316	0.0421135871134707	0.0018724559379046	True	4.229064160541231e-71	0.0205436966115928	0.0019835590546378	COMPUTED_NO_OUTLIER	COMPUTED	-0.0262207026168859	0.0351109131771571	NULL	ret_elm_isos_left__sys_t2d_scott2017	ret_elm_isos_left_to_sys_t2d_scott2017	ret_elm_isos_left	sys_t2d_scott2017	22	EFFECT_ALLELE	55.06834488340119	29.909437620033845	log_odds	BH_across_112_Amendment004_primary_directions
sys_t2d_scott2017	ret_elm_isos_left	28	IVW_random_effects	0.0184270201511071	0.0121092346426702	-0.0053066436288707	0.0421606839310849	NA	0.1280760328352566	0.9627805128788594	22.542107397035128	0.7093490645165645	0.000982634347434	0.4451071904439662	0.0192894137931034	0.1111712513214961	0.010015077963475	0.4082023824562287	0.0192067109521433	NA	NA	NA	NA	COMPUTED_NO_OUTLIER	COMPUTED	0.0145955161743244	0.0212203335370118	NULL	ret_elm_isos_left__sys_t2d_scott2017	sys_t2d_scott2017_to_ret_elm_isos_left	ret_elm_isos_left	sys_t2d_scott2017	40	UNKNOWN	65.4337237404373	30.617777777777786	standardized_continuous_trait	BH_across_112_Amendment004_primary_directions
ret_elm_isos_left	sys_ckd_wuttke2019	19	IVW_random_effects	-0.0345658900032394	0.0672888283882527	-0.1664495702061076	0.0973177901996287	0.9660246862197468	0.6074657127341292	0.9627805128788594	34.008508017112455	0.0125650844563405	-0.0024242391144598	0.5125300948517568	-0.0521035234486696	0.2708140478658326	-0.0278131267526764	0.5566526143000701	-0.0497655569169532	True	1.0372298556387917e-89	0.0205436966115928	0.0016491984340129	COMPUTED_NO_OUTLIER	COMPUTED	-0.0653125408196473	-0.0036920792308418	NULL	ret_elm_isos_left__sys_ckd_wuttke2019	ret_elm_isos_left_to_sys_ckd_wuttke2019	ret_elm_isos_left	sys_ckd_wuttke2019	22	EFFECT_ALLELE	55.06834488340119	29.909437620033845	log_odds	BH_across_112_Amendment004_primary_directions
sys_ckd_wuttke2019	ret_elm_isos_left	16	IVW_random_effects	-0.0036772770765381	0.0280957433645252	-0.0587439221898863	0.0513893680368099	NA	0.8958672464575683	0.9627805128788594	24.95479470478453	0.0505538371578484	-0.0012812737372315	0.6636078285415202	0.0152222074468085	0.4461783495714028	0.0126201650002587	0.5276604265150829	-0.0210539270108827	True	0.0	0.050369252914	0.000539873118213	COMPUTED_NO_OUTLIER	COMPUTED	-0.0117524285234144	0.0070125647784464	NULL	ret_elm_isos_left__sys_ckd_wuttke2019	sys_ckd_wuttke2019_to_ret_elm_isos_left	ret_elm_isos_left	sys_ckd_wuttke2019	23	EFFECT_ALLELE	67.41229033728953	29.56640625000001	standardized_continuous_trait	BH_across_112_Amendment004_primary_directions
ret_elm_isos_left	sys_ad_kunkle2019	20	IVW_random_effects	0.0032006160857431	0.082411452681029	-0.1583228630826962	0.1647240952541826	1.003205743526271	0.9690203211751344	0.9690203211751344	24.52586943516193	0.1767475757755313	-0.0014422534472864	0.7542709967886958	-0.0575580977048708	0.4130035832285345	-0.0946370847870781	0.1783106074959056	-0.0059139530171164	True	2.1990030343386512e-51	0.0213013390402756	0.002992199682063	COMPUTED_NO_OUTLIER	COMPUTED	-0.0280093255351576	0.0233403279125641	NULL	ret_elm_isos_left__sys_ad_kunkle2019	ret_elm_isos_left_to_sys_ad_kunkle2019	ret_elm_isos_left	sys_ad_kunkle2019	22	EFFECT_ALLELE	54.16807775299408	29.909437620033845	log_odds	BH_across_112_Amendment004_primary_directions
sys_ad_kunkle2019	ret_elm_isos_left	18	IVW_random_effects	0.0009229961333332	0.0076362484917976	-0.014043775887588	0.0158897681542545	NA	0.9037937162869244	0.9627805128788594	11.01346315510188	0.8558632523135674	-0.0004352041996648	0.7719819880337115	0.0032800476535791	0.667532817919239	0.0016525969701325	0.8286644533301464	0.0010800042734347	True	0.0	0.3346634975276982	0.000230273790132	COMPUTED_NO_OUTLIER	COMPUTED	-0.0040768011131232	0.0029159995348501	NULL	ret_elm_isos_left__sys_ad_kunkle2019	sys_ad_kunkle2019_to_ret_elm_isos_left	ret_elm_isos_left	sys_ad_kunkle2019	19	UNKNOWN	201.459973137048	30.46466520492495	standardized_continuous_trait	BH_across_112_Amendment004_primary_directions
ret_elm_isos_left	sys_pd_nalls2019_clinical	17	IVW_random_effects	0.1654210952176287	0.1087994109039845	-0.0478218316933495	0.3786640221286069	1.1798898600937542	0.1284047702639818	0.9627805128788594	6.8960152640427985	0.975213629104942	0.0014606217630997	0.7174624895588164	0.2309860022482637	0.0337501143370532	0.1474977476601033	0.1751993605127483	0.1711507917300961	True	6.26883776212739e-34	0.01881651431397	0.0021883599582557	COMPUTED_NO_OUTLIER	COMPUTED	0.1350832281330612	0.1904581852418402	NULL	ret_elm_isos_left__sys_pd_nalls2019_clinical	ret_elm_isos_left_to_sys_pd_nalls2019_clinical	ret_elm_isos_left	sys_pd_nalls2019_clinical	22	EFFECT_ALLELE	56.39178875632227	29.909437620033845	log_odds	BH_across_112_Amendment004_primary_directions
sys_pd_nalls2019_clinical	ret_elm_isos_left	10	IVW_random_effects	-0.0137285782823382	0.0251599450385061	-0.0630411644108161	0.0355840078461396	NA	0.5853050646368629	0.9627805128788594	27.853551793562545	0.0010091141309541	0.0055039828025159	0.2265608052588203	-0.0391128107074569	0.0040181779971644	0.0053217226799375	0.6954938222265608	-0.0155779472373432	True	0.0	0.1236095278382324	0.0007293141444445	COMPUTED_NO_OUTLIER	COMPUTED	-0.0231610788958641	0.0020236053146149	NULL	ret_elm_isos_left__sys_pd_nalls2019_clinical	sys_pd_nalls2019_clinical_to_ret_elm_isos_left	ret_elm_isos_left	sys_pd_nalls2019_clinical	15	EFFECT_ALLELE	57.90051221977404	31.768595041322307	standardized_continuous_trait	BH_across_112_Amendment004_primary_directions
ret_elm_isos_left	sys_sle_bentham2015	17	IVW_random_effects	-0.0691604496620573	0.2332698958148522	-0.5263610441365659	0.3880401448124512	0.9331769401409769	0.7668616040619318	0.9627805128788594	36.21110364245386	0.0027043642715306	-0.0010854587406276	0.9351386175014204	-0.2658356917902765	0.0751930718828529	-0.0822463050756212	0.5819840679550055	-0.0642703595829945	True	0.4366151069827918	0.0192447696910237	0.0172275603220181	COMPUTED_NO_OUTLIER	COMPUTED	-0.1499585649884876	0.0475913368919368	NULL	ret_elm_isos_left__sys_sle_bentham2015	ret_elm_isos_left_to_sys_sle_bentham2015	ret_elm_isos_left	sys_sle_bentham2015	22	EFFECT_ALLELE	57.668488095130556	29.909437620033845	log_odds	BH_across_112_Amendment004_primary_directions
sys_sle_bentham2015	ret_elm_isos_left	28	IVW_random_effects	-0.0018997983613704	0.0045069828411447	-0.0107333224089539	0.006933725686213	NA	0.6733729876308752	0.9627805128788594	28.52020078837653	0.3845408822267311	-0.0012620724948263	0.4666556448085218	-0.0027253246030283	0.5246501820539111	-0.0010988443241127	0.7975556951760374	-0.0003915152005956	True	0.0	0.999998000001	0.0005188170638271	COMPUTED_NO_OUTLIER	COMPUTED	-0.0073257554894402	0.0002108891495309	NULL	ret_elm_isos_left__sys_sle_bentham2015	sys_sle_bentham2015_to_ret_elm_isos_left	ret_elm_isos_left	sys_sle_bentham2015	43	UNKNOWN	104.28994117494138	29.960511751951863	standardized_continuous_trait	BH_across_112_Amendment004_primary_directions
ret_elm_isos_left	sys_ibd_delange2017	16	IVW_random_effects	-0.0155774412869103	0.0880997914092184	-0.188249859494465	0.1570949769206443	0.9845432595023936	0.8596530228106299	0.9627805128788594	23.6237686998914	0.0717642302054222	0.0007407109724035	0.8823084924146002	0.0746456579610043	0.2658842164792064	0.0309553927348036	0.6445195471321392	-0.0110550138626952	True	1.9927646802395176e-46	0.0175629099482589	0.0021182725249942	COMPUTED_NO_OUTLIER	COMPUTED	-0.045904144411602	0.0273848074604944	NULL	ret_elm_isos_left__sys_ibd_delange2017	ret_elm_isos_left_to_sys_ibd_delange2017	ret_elm_isos_left	sys_ibd_delange2017	22	EFFECT_ALLELE	55.92294716058695	29.909437620033845	log_odds	BH_across_112_Amendment004_primary_directions
sys_ibd_delange2017	ret_elm_isos_left	90	IVW_random_effects	0.0019146264560627	0.0080709706237421	-0.0139041852867521	0.0177334381988776	NA	0.8124831605082514	0.9627805128788594	129.1071245334271	0.0035318602662754	0.0003547990091609	0.7163984517478005	0.0068295767465578	0.2777515834207188	0.0073640852720366	0.2418680572251097	6.2966625687268e-05	NA	NA	NA	NA	COMPUTED_NO_OUTLIER	COMPUTED	-0.0002223386357629	0.004157619322059	NULL	ret_elm_isos_left__sys_ibd_delange2017	sys_ibd_delange2017_to_ret_elm_isos_left	ret_elm_isos_left	sys_ibd_delange2017	117	UNKNOWN	71.21789186123773	29.86149172298345	standardized_continuous_trait	BH_across_112_Amendment004_primary_directions
ret_isos_rpe_left	sys_cad_nikpay2015	48	IVW_random_effects	0.0102402759382335	0.0339131719312894	-0.0562283196486066	0.0767088715250737	1.0102928869944363	0.7626858255175469	0.9627805128788594	80.1540146669447	0.0018337547818978	-0.0008369683728148	0.7111912327970138	0.0400010078994116	0.1054852155505066	0.0616537986090126	0.0125920648371903	0.012066003937834	True	0.0	0.0761666956215758	0.0039489085447346	COMPUTED_NO_OUTLIER	COMPUTED	0.0022468052505345	0.023258408434692	NULL	ret_isos_rpe_left__sys_cad_nikpay2015	ret_isos_rpe_left_to_sys_cad_nikpay2015	ret_isos_rpe_left	sys_cad_nikpay2015	51	EFFECT_ALLELE	79.17762837839757	31.470203264985624	log_odds	BH_across_112_Amendment004_primary_directions
sys_cad_nikpay2015	ret_isos_rpe_left	30	IVW_random_effects	0.0109701945021517	0.0217418580875175	-0.0316430643063622	0.0535834533106657	NA	0.6138639493931317	0.9627805128788594	53.61038744762423	0.0035860022861219	0.0021136738017835	0.3327355050348288	-0.006051157956784	0.6728440595874772	-0.0051171681530702	0.7210361003288079	0.0116715976525568	True	0.0	0.0961566686599282	0.0012949985609456	COMPUTED_NO_OUTLIER	COMPUTED	0.0029996495254944	0.0171327552188052	NULL	ret_isos_rpe_left__sys_cad_nikpay2015	sys_cad_nikpay2015_to_ret_isos_rpe_left	ret_isos_rpe_left	sys_cad_nikpay2015	41	EFFECT_ALLELE	69.09358652761719	29.88157247129896	standardized_continuous_trait	BH_across_112_Amendment004_primary_directions
ret_isos_rpe_left	sys_stroke_megastroke2018	46	IVW_random_effects	0.0194020304088311	0.0316867368885419	-0.042702832680306	0.0815068934979684	1.0195914730076885	0.5403342499213868	0.9627805128788594	57.658548229224955	0.0976148267711163	-0.000311841673274	0.8836207017261881	-0.0266347050206418	0.3255045846834347	-0.0354595386017753	0.190543142430839	0.0194158165621581	True	0.0	0.0723956160965261	0.0032227053178551	COMPUTED_NO_OUTLIER	COMPUTED	0.0007150433355939	0.0297882053733987	NULL	ret_isos_rpe_left__sys_stroke_megastroke2018	ret_isos_rpe_left_to_sys_stroke_megastroke2018	ret_isos_rpe_left	sys_stroke_megastroke2018	51	EFFECT_ALLELE	78.508476788393	31.470203264985624	log_odds	BH_across_112_Amendment004_primary_directions
sys_stroke_megastroke2018	ret_isos_rpe_left	7	IVW_random_effects	-0.0271558373752808	0.0439568694662557	-0.1133097184022681	0.0589980436517063	NA	0.5367179307929619	0.9627805128788594	6.903753596113581	0.329839863860587	0.0150670649126028	0.614289284153621	-0.0211719242902208	0.6050982018788553	0.0101690159311232	0.8038571067386215	-0.2372250125323037	True	1.3244798498680914e-79	0.0126013954123037	0.0001695766572166	COMPUTED_NO_OUTLIER	COMPUTED	-0.0470556658342177	0.0085670619936159	NULL	ret_isos_rpe_left__sys_stroke_megastroke2018	sys_stroke_megastroke2018_to_ret_isos_rpe_left	ret_isos_rpe_left	sys_stroke_megastroke2018	10	EFFECT_ALLELE	35.271851003077884	30.39364839319471	standardized_continuous_trait	BH_across_112_Amendment004_primary_directions
ret_isos_rpe_left	sys_t2d_scott2017	43	IVW_random_effects	0.0563624084352546	0.0433941383802675	-0.0286885399302147	0.141413356800724	1.0579810355190673	0.1939959510837836	0.9627805128788594	62.33975772980845	0.0223507746045529	0.0023349224658991	0.4099705784698555	0.1007677904029959	0.0029672771271699	0.1449518537130716	1.921165077080926e-05	0.0735330763215395	True	5.677600742937082e-262	0.0678483827140836	0.0053797195516141	COMPUTED_NO_OUTLIER	COMPUTED	0.0427906600151478	0.0784357266914978	NULL	ret_isos_rpe_left__sys_t2d_scott2017	ret_isos_rpe_left_to_sys_t2d_scott2017	ret_isos_rpe_left	sys_t2d_scott2017	51	EFFECT_ALLELE	78.68433597854914	31.470203264985624	log_odds	BH_across_112_Amendment004_primary_directions
sys_t2d_scott2017	ret_isos_rpe_left	28	IVW_random_effects	-0.0191718839098421	0.0177717805723378	-0.0540039337727719	0.0156601659530877	NA	0.2806847472257688	0.9627805128788594	46.00018298798362	0.0127223431896937	-0.0024083739296911	0.1964546325553713	0.0002179796551724	0.9858988952484752	0.0120047539368273	0.3303749757868527	-0.0125128676493161	NA	NA	NA	NA	COMPUTED_NO_OUTLIER	COMPUTED	-0.0241386716800698	-0.0110488788632764	NULL	ret_isos_rpe_left__sys_t2d_scott2017	sys_t2d_scott2017_to_ret_isos_rpe_left	ret_isos_rpe_left	sys_t2d_scott2017	40	UNKNOWN	65.4337237404373	30.617777777777786	standardized_continuous_trait	BH_across_112_Amendment004_primary_directions
ret_isos_rpe_left	sys_ckd_wuttke2019	48	IVW_random_effects	-0.008637421486898	0.0276391964854919	-0.0628092511600867	0.0455344081862906	0.991399773870376	0.7546558183248803	0.9627805128788594	56.73731599146547	0.1562414925428019	-0.0005789331023363	0.7554114395325044	0.0146985330863979	0.5471270608477916	0.0336616182571662	0.1679493460663239	-0.0106862505550048	True	0.0	0.0761666956215758	0.0026901888904313	COMPUTED_NO_OUTLIER	COMPUTED	-0.0154956978134176	-0.0002912977454221	NULL	ret_isos_rpe_left__sys_ckd_wuttke2019	ret_isos_rpe_left_to_sys_ckd_wuttke2019	ret_isos_rpe_left	sys_ckd_wuttke2019	51	EFFECT_ALLELE	79.17762837839757	31.470203264985624	log_odds	BH_across_112_Amendment004_primary_directions
sys_ckd_wuttke2019	ret_isos_rpe_left	16	IVW_random_effects	-0.030595620194891	0.0200970812044962	-0.0699851755500795	0.0087939351602973	NA	0.1279110807248054	0.9627805128788594	10.188916069190933	0.8076912487823318	0.0007965273410127	0.6676159607530154	-0.0345939204291461	0.0851890487613914	-0.0366390982231257	0.0682874216995205	-0.0260843921380288	True	0.0	0.050369252914	0.0002609508280089	COMPUTED_NO_OUTLIER	COMPUTED	-0.0386524107799859	-0.0244231349239775	NULL	ret_isos_rpe_left__sys_ckd_wuttke2019	sys_ckd_wuttke2019_to_ret_isos_rpe_left	ret_isos_rpe_left	sys_ckd_wuttke2019	23	EFFECT_ALLELE	67.41229033728953	29.56640625000001	standardized_continuous_trait	BH_across_112_Amendment004_primary_directions
ret_isos_rpe_left	sys_ad_kunkle2019	48	IVW_random_effects	-0.0029589874727383	0.0376122082486953	-0.0766775610191995	0.0707595860737228	0.9970453860159308	0.937294366803522	0.9630914594678393	41.110560048600966	0.7140586515498932	0.0029192227455261	0.2161281115780551	-0.0085765959705007	0.8196253132619087	0.0162950748188954	0.6648411615705798	0.0032299275762714	True	1.4257927940594423e-273	0.0761666956215758	0.0045519933246104	COMPUTED_NO_OUTLIER	COMPUTED	-0.0197493801629896	0.0088161667791804	NULL	ret_isos_rpe_left__sys_ad_kunkle2019	ret_isos_rpe_left_to_sys_ad_kunkle2019	ret_isos_rpe_left	sys_ad_kunkle2019	51	EFFECT_ALLELE	79.17762837839757	31.470203264985624	log_odds	BH_across_112_Amendment004_primary_directions
sys_ad_kunkle2019	ret_isos_rpe_left	18	IVW_random_effects	0.0200303267657856	0.0147876880889591	-0.0089530093031854	0.0490136628347567	NA	0.1755682195494178	0.9627805128788594	26.1212448447188	0.0722797256932644	0.0054801065969553	0.0071025928109252	0.0107416347249559	0.1655235917277622	0.0134540395156178	0.0824048615095679	0.0135686504114853	True	0.0	0.3346634975276982	0.0006802372156263	COMPUTED_NO_OUTLIER	COMPUTED	0.0122333829579639	0.0255913178296489	NULL	ret_isos_rpe_left__sys_ad_kunkle2019	sys_ad_kunkle2019_to_ret_isos_rpe_left	ret_isos_rpe_left	sys_ad_kunkle2019	19	UNKNOWN	201.459973137048	30.46466520492495	standardized_continuous_trait	BH_across_112_Amendment004_primary_directions
ret_isos_rpe_left	sys_pd_nalls2019_clinical	46	IVW_random_effects	0.0667318458756386	0.0661762450765161	-0.0629712111064256	0.1964349028577028	1.06900878062325	0.3132645008976458	0.9627805128788594	54.49867332770901	0.1568315159971144	-0.0083720847892527	0.0526415783620119	-0.0235856389188771	0.6846127768620935	0.0511017722020366	0.3788366478128436	0.050177784482315	True	5.355243074669433e-91	0.0722636732888547	0.0151599879039406	COMPUTED_NO_OUTLIER	COMPUTED	0.0421243442903153	0.0875627951717977	NULL	ret_isos_rpe_left__sys_pd_nalls2019_clinical	ret_isos_rpe_left_to_sys_pd_nalls2019_clinical	ret_isos_rpe_left	sys_pd_nalls2019_clinical	51	EFFECT_ALLELE	78.36297405576367	31.470203264985624	log_odds	BH_across_112_Amendment004_primary_directions
sys_pd_nalls2019_clinical	ret_isos_rpe_left	10	IVW_random_effects	-0.0137320552385352	0.0171968953998989	-0.0474373508682387	0.0199732403911682	NA	0.4245691180702797	0.9627805128788594	13.276218620138778	0.1505007850416932	0.0047470903683978	0.0998508766915522	-0.0015309921082299	0.910054347341041	0.0038014484234306	0.7790907667264714	-0.014311833260687	True	0.0	0.1236095278382324	0.0003478343929401	COMPUTED_NO_OUTLIER	COMPUTED	-0.0216865159338298	-0.0064507797726834	NULL	ret_isos_rpe_left__sys_pd_nalls2019_clinical	sys_pd_nalls2019_clinical_to_ret_isos_rpe_left	ret_isos_rpe_left	sys_pd_nalls2019_clinical	15	EFFECT_ALLELE	57.90051221977404	31.768595041322307	standardized_continuous_trait	BH_across_112_Amendment004_primary_directions
ret_isos_rpe_left	sys_sle_bentham2015	40	IVW_random_effects	0.046912705756279	0.1187038449806375	-0.1857425552321899	0.2795679667447479	1.0480305180549236	0.6926894103166725	0.9627805128788594	72.78652265129179	0.0008287842546673	0.000546725480953	0.9462255824545448	0.1034794519270181	0.1988991301434092	0.0469099767218779	0.5603067373134658	0.0761262569058559	True	1.9453684522353463e-11	0.0613665704819174	0.0343019529411243	COMPUTED_NO_OUTLIER	COMPUTED	0.0104670192123316	0.0825935562438529	NULL	ret_isos_rpe_left__sys_sle_bentham2015	ret_isos_rpe_left_to_sys_sle_bentham2015	ret_isos_rpe_left	sys_sle_bentham2015	51	EFFECT_ALLELE	76.44140410503587	31.470203264985624	log_odds	BH_across_112_Amendment004_primary_directions
sys_sle_bentham2015	ret_isos_rpe_left	28	IVW_random_effects	-0.0020978608168628	0.005305220999364	-0.0124959029056417	0.008300181271916	NA	0.6925231695255412	0.9627805128788594	35.180329886413865	0.1343565049556321	-0.0030156743084322	0.1231518157418244	-0.0080891680666207	0.0621974316082692	-0.0055124601018488	0.2037825181363391	-0.0021823901184185	True	0.0	0.999998000001	0.0007922991137155	COMPUTED_NO_OUTLIER	COMPUTED	-0.0042073280814298	-0.0003765771686959	NULL	ret_isos_rpe_left__sys_sle_bentham2015	sys_sle_bentham2015_to_ret_isos_rpe_left	ret_isos_rpe_left	sys_sle_bentham2015	43	UNKNOWN	104.28994117494138	29.960511751951863	standardized_continuous_trait	BH_across_112_Amendment004_primary_directions
ret_isos_rpe_left	sys_ibd_delange2017	42	IVW_random_effects	0.0397838309961614	0.0464353285251444	-0.0512277405234045	0.1307954025157275	1.0405858074804375	0.3915787393533241	0.9627805128788594	66.87172199376879	0.0065371000881402	0.0013974453627699	0.6500281330735397	0.0598311053369345	0.0843787420634349	0.0672220725764605	0.0524991413541857	0.0324284133453039	True	2.0097192213114183e-213	0.0672016664644135	0.0056622664184622	COMPUTED_NO_OUTLIER	COMPUTED	0.0265246278770098	0.0587523869907969	NULL	ret_isos_rpe_left__sys_ibd_delange2017	ret_isos_rpe_left_to_sys_ibd_delange2017	ret_isos_rpe_left	sys_ibd_delange2017	51	EFFECT_ALLELE	79.78045208703368	31.470203264985624	log_odds	BH_across_112_Amendment004_primary_directions
sys_ibd_delange2017	ret_isos_rpe_left	90	IVW_random_effects	-0.0022610212147103	0.0084843851361835	-0.0188901105125966	0.0143680680831759	NA	0.7898602788615413	0.9627805128788594	138.52730769083368	0.0006102210715973	-0.000742386508454	0.4961577140209048	-0.0113906976744186	0.0737305358653953	-0.0109423317521202	0.0858165471150324	-0.002324413948578	NA	NA	NA	NA	COMPUTED_NO_OUTLIER	COMPUTED	-0.0045859718140471	0.0003373140710442	NULL	ret_isos_rpe_left__sys_ibd_delange2017	sys_ibd_delange2017_to_ret_isos_rpe_left	ret_isos_rpe_left	sys_ibd_delange2017	117	UNKNOWN	71.21789186123773	29.86149172298345	standardized_continuous_trait	BH_across_112_Amendment004_primary_directions
ret_macular_total_left	sys_cad_nikpay2015	61	IVW_random_effects	0.0015516509892253	0.030256854127363	-0.0577506933858866	0.0608539953643374	1.0015528554224944	0.959100310879416	0.967740854220672	72.99087411989409	0.1210808158789069	0.0037025651762647	0.0219959335914638	0.00163475450497	0.9501585284871598	0.0164080941625623	0.5304021642109094	-0.0055153531123382	True	0.0	0.0719048040758265	0.0040510478788775	COMPUTED_NO_OUTLIER	COMPUTED	-0.0072511346305444	0.0114292806868805	NULL	ret_macular_total_left__sys_cad_nikpay2015	ret_macular_total_left_to_sys_cad_nikpay2015	ret_macular_total_left	sys_cad_nikpay2015	66	EFFECT_ALLELE	60.429741123737294	29.810335951361093	log_odds	BH_across_112_Amendment004_primary_directions
sys_cad_nikpay2015	ret_macular_total_left	30	IVW_random_effects	0.0037768530619559	0.0207837582293468	-0.0369585645309508	0.0445122706548626	NA	0.8558013927513992	0.9627805128788594	50.680199460992256	0.007621513347494	0.0010579788978362	0.6152897959316791	-0.0261470245483054	0.0643484153170244	-0.0459899249539502	0.0011397900662551	-0.0140828725759969	True	0.0	0.0961566686599282	0.0011624989444597	COMPUTED_NO_OUTLIER	COMPUTED	-0.0042609816007635	0.0112095207978577	NULL	ret_macular_total_left__sys_cad_nikpay2015	sys_cad_nikpay2015_to_ret_macular_total_left	ret_macular_total_left	sys_cad_nikpay2015	41	EFFECT_ALLELE	69.09358652761719	29.88157247129896	standardized_continuous_trait	BH_across_112_Amendment004_primary_directions
ret_macular_total_left	sys_stroke_megastroke2018	60	IVW_random_effects	0.0127004963060195	0.0279101646704147	-0.0420024212505739	0.0674034138626131	1.012781490133287	0.6490738899262405	0.9627805128788594	55.80393813330254	0.5940621200216135	0.0011467210051183	0.4569143333947634	-0.0153357245703867	0.5826847565425528	-0.0068752193823224	0.8054237790429908	0.0136692759250759	True	0.0	0.0704161532052067	0.0031398335719012	COMPUTED_NO_OUTLIER	COMPUTED	0.0023130454403446	0.0220333346592883	NULL	ret_macular_total_left__sys_stroke_megastroke2018	ret_macular_total_left_to_sys_stroke_megastroke2018	ret_macular_total_left	sys_stroke_megastroke2018	66	EFFECT_ALLELE	60.16789692355744	29.810335951361093	log_odds	BH_across_112_Amendment004_primary_directions
sys_stroke_megastroke2018	ret_macular_total_left	7	IVW_random_effects	0.098380050829044	0.0407535239822519	0.0185046115807431	0.1782554900773449	NA	0.0157773531035497	0.9627805128788594	4.924062053466542	0.553589065950131	-0.0316605125469506	0.1271679281784473	0.1294615491009682	0.0014896318830871	0.1440591610210508	0.0004079473427904	0.5354291382272032	True	1.4577862295801978e-76	0.0126013954123037	0.0002305760261201	COMPUTED_NO_OUTLIER	COMPUTED	0.0812681399590487	0.129866616682894	SUGGESTIVE	ret_macular_total_left__sys_stroke_megastroke2018	sys_stroke_megastroke2018_to_ret_macular_total_left	ret_macular_total_left	sys_stroke_megastroke2018	10	EFFECT_ALLELE	35.271851003077884	30.39364839319471	standardized_continuous_trait	BH_across_112_Amendment004_primary_directions
ret_macular_total_left	sys_t2d_scott2017	56	IVW_random_effects	0.0268501630859225	0.039375253382694	-0.0503239154262946	0.1040242415981397	1.0272138766744938	0.4952993298840614	0.9627805128788594	65.12525449108361	0.1649020255380106	0.0017096398744005	0.4384454635842796	0.0068158775868385	0.8434791229673879	-0.0052276883326252	0.8796302901876852	0.0163630371954168	True	1.1423711207030744e-258	0.0683261592942086	0.0057533152536715	COMPUTED_NO_OUTLIER	COMPUTED	0.0132271603401654	0.0378403543895439	NULL	ret_macular_total_left__sys_t2d_scott2017	ret_macular_total_left_to_sys_t2d_scott2017	ret_macular_total_left	sys_t2d_scott2017	66	EFFECT_ALLELE	62.57313004539531	30.10398957137831	log_odds	BH_across_112_Amendment004_primary_directions
sys_t2d_scott2017	ret_macular_total_left	28	IVW_random_effects	-0.0260664665195003	0.018749738721684	-0.062815279133536	0.0106823460945354	NA	0.1644587669632718	0.9627805128788594	52.57299481734088	0.002265333539614	-0.0009361726311644	0.6519296650972137	-0.0653347058823529	8.680658152237355e-08	-0.0454708063549633	0.0001952548789452	-0.0385123044562331	NA	NA	NA	NA	COMPUTED_NO_OUTLIER	COMPUTED	-0.0340407294580575	-0.0180433989477311	NULL	ret_macular_total_left__sys_t2d_scott2017	sys_t2d_scott2017_to_ret_macular_total_left	ret_macular_total_left	sys_t2d_scott2017	40	UNKNOWN	65.4337237404373	30.617777777777786	standardized_continuous_trait	BH_across_112_Amendment004_primary_directions
ret_macular_total_left	sys_ckd_wuttke2019	54	IVW_random_effects	-0.0560443301534052	0.0370983427414414	-0.1287557458127514	0.0166670855059409	0.9454972209245068	0.1308658384153887	0.9627805128788594	88.70912257013417	0.0015290427046271	0.0027667066560963	0.2017597472732407	0.0349524064731856	0.1904835682364587	0.0227316454748951	0.3945368132025689	-0.0517220800977536	True	5.3201425233566095e-294	0.0652901877757012	0.0052838659380841	COMPUTED_NO_OUTLIER	COMPUTED	-0.0638820973859474	-0.0309964072127974	NULL	ret_macular_total_left__sys_ckd_wuttke2019	ret_macular_total_left_to_sys_ckd_wuttke2019	ret_macular_total_left	sys_ckd_wuttke2019	66	EFFECT_ALLELE	62.01598820378781	30.10398957137831	log_odds	BH_across_112_Amendment004_primary_directions
sys_ckd_wuttke2019	ret_macular_total_left	16	IVW_random_effects	-0.008262405060876	0.0198381109340341	-0.0471443880128921	0.0306195778911399	NA	0.6770503682185931	0.9627805128788594	12.72016097144264	0.6239026183139664	-0.0004137771522419	0.8427338593244399	0.0158545820295037	0.4241755107207746	0.0016912408459769	0.9320609623243492	-0.0101500840753134	True	0.0	0.050369252914	0.0002696246660703	COMPUTED_NO_OUTLIER	COMPUTED	-0.019016983062958	-0.0004616044911096	NULL	ret_macular_total_left__sys_ckd_wuttke2019	sys_ckd_wuttke2019_to_ret_macular_total_left	ret_macular_total_left	sys_ckd_wuttke2019	23	EFFECT_ALLELE	67.41229033728953	29.56640625000001	standardized_continuous_trait	BH_across_112_Amendment004_primary_directions
ret_macular_total_left	sys_ad_kunkle2019	60	IVW_random_effects	0.0101331718452197	0.0442629240228448	-0.0766205650899864	0.0968869087804259	1.0101846862855697	0.8189222580701451	0.9627805128788594	67.44993815042127	0.2106149276999912	-0.0002658782085246	0.913769865173485	-0.0123570953411691	0.7556216063019867	0.0634333586490472	0.1101137029915915	0.0121856740805333	True	6.2806434310516065e-195	0.0713164198112464	0.0084271444989318	COMPUTED_NO_OUTLIER	COMPUTED	-0.0063872083053064	0.0232291010049457	NULL	ret_macular_total_left__sys_ad_kunkle2019	ret_macular_total_left_to_sys_ad_kunkle2019	ret_macular_total_left	sys_ad_kunkle2019	66	EFFECT_ALLELE	60.9400645432769	30.10398957137831	log_odds	BH_across_112_Amendment004_primary_directions
sys_ad_kunkle2019	ret_macular_total_left	18	IVW_random_effects	0.0081539773845334	0.0122626434431446	-0.0158803621192857	0.0321883168883525	NA	0.5060859880976556	0.9627805128788594	20.653661663874985	0.2421663070355776	0.0010827691536938	0.6025963592276005	-0.000878545529887	0.9083214425092236	-0.0017201168549333	0.8216170404509979	0.0027131107003743	True	0.0	0.3346634975276982	0.0004382946495588	COMPUTED_NO_OUTLIER	COMPUTED	0.0017034248564512	0.0141309945859511	NULL	ret_macular_total_left__sys_ad_kunkle2019	sys_ad_kunkle2019_to_ret_macular_total_left	ret_macular_total_left	sys_ad_kunkle2019	19	UNKNOWN	201.459973137048	30.46466520492495	standardized_continuous_trait	BH_across_112_Amendment004_primary_directions
ret_macular_total_left	sys_pd_nalls2019_clinical	53	IVW_random_effects	-0.0731791008700483	0.0604633606180739	-0.1916851100657275	0.0453269083256308	0.9294343526169068	0.2261619229454954	0.9627805128788594	50.638906861391256	0.5275347035356979	0.0051594336497819	0.157788517474498	-0.0393684753539768	0.5149735961843706	-0.1017862466323951	0.0922905633284748	-0.0756508644972398	True	1.8573040620052346e-74	0.0649744645897403	0.0151570974952016	COMPUTED_NO_OUTLIER	COMPUTED	-0.0898767161015184	-0.0466645439823002	NULL	ret_macular_total_left__sys_pd_nalls2019_clinical	ret_macular_total_left_to_sys_pd_nalls2019_clinical	ret_macular_total_left	sys_pd_nalls2019_clinical	66	EFFECT_ALLELE	62.88077414193712	30.10398957137831	log_odds	BH_across_112_Amendment004_primary_directions
sys_pd_nalls2019_clinical	ret_macular_total_left	10	IVW_random_effects	-0.0327558263528331	0.0366980780109254	-0.1046827375560862	0.0391710848504199	NA	0.372084237363496	0.9627805128788594	55.61523807084542	9.296085679011412e-09	0.0046367634826482	0.5465168474314632	-0.0156514340344168	0.2673713870904958	0.0069147335587946	0.6241257914466244	-0.0423879965799815	True	0.0	0.1236095278382324	0.0018565305866526	COMPUTED_NO_OUTLIER	COMPUTED	-0.0490157929787168	-0.0070620635593131	NULL	ret_macular_total_left__sys_pd_nalls2019_clinical	sys_pd_nalls2019_clinical_to_ret_macular_total_left	ret_macular_total_left	sys_pd_nalls2019_clinical	15	EFFECT_ALLELE	57.90051221977404	31.768595041322307	standardized_continuous_trait	BH_across_112_Amendment004_primary_directions
ret_macular_total_left	sys_sle_bentham2015	52	IVW_random_effects	-0.1244729745912073	0.0987718962696006	-0.3180623339643454	0.0691163847819307	0.8829621234562802	0.2075949191913206	0.9627805128788594	68.74623074581558	0.0493583356481213	-0.0017918378939026	0.7480893782039438	0.0423876481523352	0.586078047200151	0.104203717321158	0.1806874254410019	-0.0817384485750076	True	4.578579969608647e-15	0.0631417731683776	0.031776622044334	COMPUTED_NO_OUTLIER	COMPUTED	-0.146780916793365	-0.0736874706190085	NULL	ret_macular_total_left__sys_sle_bentham2015	ret_macular_total_left_to_sys_sle_bentham2015	ret_macular_total_left	sys_sle_bentham2015	66	EFFECT_ALLELE	62.28825158443896	30.10398957137831	log_odds	BH_across_112_Amendment004_primary_directions
sys_sle_bentham2015	ret_macular_total_left	28	IVW_random_effects	-0.0007774997592389	0.0042684926653816	-0.0091435916516601	0.0075885921331822	NA	0.8554661468263353	0.9627805128788594	23.462339683758984	0.6599431295278083	0.0008668102624405	0.582437515183305	-0.0023204337244144	0.5867036806659685	-0.0038575689518696	0.3661380810227489	-0.0012209005763675	True	0.0	0.999998000001	0.0004738566298991	COMPUTED_NO_OUTLIER	COMPUTED	-0.002882464435843	0.0008400703284057	NULL	ret_macular_total_left__sys_sle_bentham2015	sys_sle_bentham2015_to_ret_macular_total_left	ret_macular_total_left	sys_sle_bentham2015	43	UNKNOWN	104.28994117494138	29.960511751951863	standardized_continuous_trait	BH_across_112_Amendment004_primary_directions
ret_macular_total_left	sys_ibd_delange2017	44	IVW_random_effects	0.0128463434059496	0.0553919378981454	-0.0957198599082916	0.1214125467201909	1.0129292121486375	0.8166023213045012	0.9627805128788594	74.4000578644216	0.0020805272053059	0.0004691474071086	0.8791863278975544	0.0465165450893329	0.2347654607127064	0.0319624292520308	0.4142619120188139	0.0207286613217628	True	4.781650558009844e-144	0.0541735296933986	0.0066462078699275	COMPUTED_NO_OUTLIER	COMPUTED	-0.0050269889800367	0.0310245482246296	NULL	ret_macular_total_left__sys_ibd_delange2017	ret_macular_total_left_to_sys_ibd_delange2017	ret_macular_total_left	sys_ibd_delange2017	66	EFFECT_ALLELE	63.20762802900084	30.10398957137831	log_odds	BH_across_112_Amendment004_primary_directions
sys_ibd_delange2017	ret_macular_total_left	90	IVW_random_effects	-0.001155124712843	0.006697030562767	-0.01428106341923	0.0119708139935439	NA	0.8630577323392445	0.9627805128788594	95.9553925077991	0.288417453941548	0.0013619780145995	0.0934862945252503	-0.003920720583764	0.5311187214894513	0.0052982361821196	0.3973604910217826	-0.0021360838211513	NA	NA	NA	NA	COMPUTED_NO_OUTLIER	COMPUTED	-0.0025999783498311	0.000378345216072	NULL	ret_macular_total_left__sys_ibd_delange2017	sys_ibd_delange2017_to_ret_macular_total_left	ret_macular_total_left	sys_ibd_delange2017	117	UNKNOWN	71.21789186123773	29.86149172298345	standardized_continuous_trait	BH_across_112_Amendment004_primary_directions
