retinal_trait	retinal_domain	systemic_disease	rg	se	z	p	q_global	q_within_retinal_domain	n_snps	valid_alleles	retinal_h2	retinal_h2_se	retinal_h2_z	disease_h2	disease_h2_se	disease_h2_z	ldsc_intercept	gencov_intercept_se	retinal_mean_chi2	retinal_ratio	retinal_ldsc_intercept	retinal_ldsc_intercept_se	disease_mean_chi2	disease_ratio	disease_ldsc_intercept	disease_ldsc_intercept_se	qc_flag
ret_rnfl_left	neuroretina	sys_cad_nikpay2015	-0.0594	0.0456	-1.3029	0.1926	0.6848390243902439	0.8099047619047619	919545	918594	0.1174	0.0164	7.158536585365853	0.0463	0.0041	11.292682926829267	-0.0025	0.0045	1.1667	0.168	1.028	0.0075	1.1261	nan	0.9219	0.0079	RATIO_NEGATIVE
ret_rnfl_left	neuroretina	sys_stroke_megastroke2018	-0.0837	0.071	-1.1784	0.2386	0.6848390243902439	0.8099047619047619	919545	919171	0.1174	0.0164	7.158536585365853	0.0083	0.0011	7.545454545454545	-0.0049	0.0047	1.1667	0.168	1.028	0.0075	1.1404	0.3338	1.0469	0.0068	PASS
ret_rnfl_left	neuroretina	sys_t2d_scott2017	-0.0595	0.0553	-1.0765	0.2817	0.70112	0.8099047619047619	919545	919277	0.1174	0.0164	7.158536585365853	0.0551	0.0046	11.978260869565219	-0.0089	0.005	1.1667	0.168	1.028	0.0075	1.2309	0.133	1.0307	0.0087	PASS
ret_rnfl_left	neuroretina	sys_ckd_wuttke2019	-0.0976	0.0737	-1.3245	0.1853	0.6848390243902439	0.8099047619047619	919545	916999	0.1174	0.0164	7.158536585365853	0.0096	0.0015	6.3999999999999995	0.0054	0.0047	1.1667	0.168	1.028	0.0075	1.1963	0.4639	1.0911	0.0077	PASS
ret_rnfl_left	neuroretina	sys_ad_kunkle2019	-0.0237	0.0957	-0.2479	0.8042	0.9382333333333334	0.9778	919545	919271	0.1174	0.0164	7.158536585365853	0.0553	0.0099	5.585858585858586	-0.0009	0.0051	1.1667	0.168	1.028	0.0075	1.1182	0.3241	1.0383	0.0076	PASS
ret_rnfl_left	neuroretina	sys_pd_nalls2019_clinical	-0.0726	0.0673	-1.0785	0.2808	0.70112	0.8099047619047619	919545	918812	0.1174	0.0164	7.158536585365853	0.164	0.018	9.111111111111112	0.0085	0.0046	1.1667	0.168	1.028	0.0075	1.0897	nan	0.988	0.0059	RATIO_NEGATIVE
ret_rnfl_left	neuroretina	sys_sle_bentham2015	0.024	0.0749	0.32	0.749	0.9020215053763442	0.9778	919545	819645	0.1174	0.0164	7.158536585365853	0.3707	0.0653	5.67687595712098	0.0004	0.0058	1.1667	0.168	1.028	0.0075	1.3539	0.6219	1.2201	0.0089	PASS
ret_rnfl_left	neuroretina	sys_ibd_delange2017	0.0239	0.0457	0.5227	0.6012	0.8131469879518073	0.8384	919545	892923	0.1174	0.0164	7.158536585365853	0.2137	0.0228	9.37280701754386	0.0034	0.0051	1.1667	0.168	1.028	0.0075	1.4985	0.3731	1.186	0.0105	PASS
ret_gcipl_left	neuroretina	sys_cad_nikpay2015	0.0227	0.0435	0.5206	0.6026	0.8131469879518073	0.8384	919544	918593	0.1722	0.018	9.566666666666666	0.0463	0.0041	11.292682926829267	-0.0065	0.005	1.2614	0.2221	1.0581	0.0088	1.1261	nan	0.9219	0.0079	RATIO_NEGATIVE
ret_gcipl_left	neuroretina	sys_stroke_megastroke2018	0.1615	0.0654	2.471	0.0135	0.216	0.216	919544	919170	0.1722	0.018	9.566666666666666	0.0083	0.0011	7.545454545454545	-0.0129	0.005	1.2614	0.2221	1.0581	0.0088	1.1404	0.3338	1.0469	0.0068	PASS
ret_gcipl_left	neuroretina	sys_t2d_scott2017	0.0015	0.0476	0.0312	0.9751	0.9872144144144145	0.9778	919544	919276	0.1722	0.018	9.566666666666666	0.0551	0.0046	11.978260869565219	0.0002	0.0053	1.2614	0.2221	1.0581	0.0088	1.2309	0.133	1.0307	0.0087	PASS
ret_gcipl_left	neuroretina	sys_ckd_wuttke2019	-0.0643	0.0669	-0.9608	0.3367	0.7394196078431372	0.8099047619047619	919544	916999	0.1722	0.018	9.566666666666666	0.0096	0.0015	6.3999999999999995	-0.0032	0.0054	1.2614	0.2221	1.0581	0.0088	1.1963	0.4639	1.0911	0.0077	PASS
ret_gcipl_left	neuroretina	sys_ad_kunkle2019	-0.0024	0.0784	-0.0312	0.9751	0.9872144144144145	0.9778	919544	919270	0.1722	0.018	9.566666666666666	0.0553	0.0099	5.585858585858586	0.0072	0.0048	1.2614	0.2221	1.0581	0.0088	1.1182	0.3241	1.0383	0.0076	PASS
ret_gcipl_left	neuroretina	sys_pd_nalls2019_clinical	-0.0966	0.0614	-1.5719	0.116	0.5646666666666667	0.8099047619047619	919544	918811	0.1722	0.018	9.566666666666666	0.164	0.018	9.111111111111112	0.0123	0.0054	1.2614	0.2221	1.0581	0.0088	1.0897	nan	0.988	0.0059	RATIO_NEGATIVE
ret_gcipl_left	neuroretina	sys_sle_bentham2015	0.0143	0.0697	0.2053	0.8373	0.9402455445544554	0.9778	919544	819644	0.1722	0.018	9.566666666666666	0.3707	0.0653	5.67687595712098	0.0029	0.0058	1.2614	0.2221	1.0581	0.0088	1.3539	0.6219	1.2201	0.0089	PASS
ret_gcipl_left	neuroretina	sys_ibd_delange2017	-0.033	0.0471	-0.7018	0.4828	0.7876842105263158	0.8099047619047619	919544	892923	0.1722	0.018	9.566666666666666	0.2137	0.0228	9.37280701754386	-0.0012	0.0059	1.2614	0.2221	1.0581	0.0088	1.4985	0.3731	1.186	0.0105	PASS
ret_inl_left	neuroretina	sys_cad_nikpay2015	0.026	0.0416	0.6257	0.5315	0.7876842105263158	0.8099047619047619	919544	918593	0.2471	0.0312	7.919871794871795	0.0463	0.0041	11.292682926829267	0.0031	0.0054	1.359	0.1874	1.0673	0.0117	1.1261	nan	0.9219	0.0079	RATIO_NEGATIVE
ret_inl_left	neuroretina	sys_stroke_megastroke2018	0.1564	0.0553	2.8302	0.0047	0.16352	0.1504	919544	919170	0.2471	0.0312	7.919871794871795	0.0083	0.0011	7.545454545454545	-0.0109	0.005	1.359	0.1874	1.0673	0.0117	1.1404	0.3338	1.0469	0.0068	PASS
ret_inl_left	neuroretina	sys_t2d_scott2017	0.0074	0.0552	0.1338	0.8935	0.9622307692307692	0.9778	919544	919276	0.2471	0.0312	7.919871794871795	0.0551	0.0046	11.978260869565219	-0.0032	0.0063	1.359	0.1874	1.0673	0.0117	1.2309	0.133	1.0307	0.0087	PASS
ret_inl_left	neuroretina	sys_ckd_wuttke2019	-0.0516	0.0675	-0.7648	0.4444	0.7807757575757576	0.8099047619047619	919544	916999	0.2471	0.0312	7.919871794871795	0.0096	0.0015	6.3999999999999995	-0.0027	0.006	1.359	0.1874	1.0673	0.0117	1.1963	0.4639	1.0911	0.0077	PASS
ret_inl_left	neuroretina	sys_ad_kunkle2019	-0.0201	0.0699	-0.2871	0.774	0.9222127659574468	0.9778	919544	919270	0.2471	0.0312	7.919871794871795	0.0553	0.0099	5.585858585858586	0.0108	0.0064	1.359	0.1874	1.0673	0.0117	1.1182	0.3241	1.0383	0.0076	PASS
ret_inl_left	neuroretina	sys_pd_nalls2019_clinical	-0.0519	0.046	-1.1299	0.2585	0.6893333333333334	0.8099047619047619	919544	918811	0.2471	0.0312	7.919871794871795	0.164	0.018	9.111111111111112	0.0093	0.0054	1.359	0.1874	1.0673	0.0117	1.0897	nan	0.988	0.0059	RATIO_NEGATIVE
ret_inl_left	neuroretina	sys_sle_bentham2015	0.1076	0.1111	0.9687	0.3327	0.7394196078431372	0.8099047619047619	919544	819644	0.2471	0.0312	7.919871794871795	0.3707	0.0653	5.67687595712098	-0.0079	0.009	1.359	0.1874	1.0673	0.0117	1.3539	0.6219	1.2201	0.0089	PASS
ret_inl_left	neuroretina	sys_ibd_delange2017	-0.0289	0.0391	-0.7386	0.4601	0.7807757575757576	0.8099047619047619	919544	892923	0.2471	0.0312	7.919871794871795	0.2137	0.0228	9.37280701754386	-0.003	0.0058	1.359	0.1874	1.0673	0.0117	1.4985	0.3731	1.186	0.0105	PASS
ret_inl_elm_left	neuroretina	sys_cad_nikpay2015	0.0322	0.0373	0.8625	0.3884	0.7794098360655737	0.8099047619047619	919544	918593	0.2928	0.0517	5.663442940038684	0.0463	0.0041	11.292682926829267	-0.0037	0.0056	1.4118	0.1655	1.0682	0.0106	1.1261	nan	0.9219	0.0079	RATIO_NEGATIVE
ret_inl_elm_left	neuroretina	sys_stroke_megastroke2018	0.0305	0.0482	0.6325	0.5271	0.7876842105263158	0.8099047619047619	919544	919170	0.2928	0.0517	5.663442940038684	0.0083	0.0011	7.545454545454545	-0.0024	0.0051	1.4118	0.1655	1.0682	0.0106	1.1404	0.3338	1.0469	0.0068	PASS
ret_inl_elm_left	neuroretina	sys_t2d_scott2017	0.001	0.0362	0.0278	0.9778	0.9872144144144145	0.9778	919544	919276	0.2928	0.0517	5.663442940038684	0.0551	0.0046	11.978260869565219	-0.0118	0.0058	1.4118	0.1655	1.0682	0.0106	1.2309	0.133	1.0307	0.0087	PASS
ret_inl_elm_left	neuroretina	sys_ckd_wuttke2019	-0.0853	0.0534	-1.5984	0.11	0.5646666666666667	0.8099047619047619	919544	916999	0.2928	0.0517	5.663442940038684	0.0096	0.0015	6.3999999999999995	0.001	0.0059	1.4118	0.1655	1.0682	0.0106	1.1963	0.4639	1.0911	0.0077	PASS
ret_inl_elm_left	neuroretina	sys_ad_kunkle2019	-0.0466	0.0724	-0.6432	0.5201	0.7876842105263158	0.8099047619047619	919544	919270	0.2928	0.0517	5.663442940038684	0.0553	0.0099	5.585858585858586	0.0023	0.0055	1.4118	0.1655	1.0682	0.0106	1.1182	0.3241	1.0383	0.0076	PASS
ret_inl_elm_left	neuroretina	sys_pd_nalls2019_clinical	-0.0464	0.0571	-0.812	0.4168	0.7794098360655737	0.8099047619047619	919544	918811	0.2928	0.0517	5.663442940038684	0.164	0.018	9.111111111111112	0.0032	0.0057	1.4118	0.1655	1.0682	0.0106	1.0897	nan	0.988	0.0059	RATIO_NEGATIVE
ret_inl_elm_left	neuroretina	sys_sle_bentham2015	-0.0038	0.057	-0.0665	0.947	0.9872144144144145	0.9778	919544	819644	0.2928	0.0517	5.663442940038684	0.3707	0.0653	5.67687595712098	-0.0005	0.0066	1.4118	0.1655	1.0682	0.0106	1.3539	0.6219	1.2201	0.0089	PASS
ret_inl_elm_left	neuroretina	sys_ibd_delange2017	-0.0415	0.0379	-1.0938	0.2741	0.70112	0.8099047619047619	919544	892923	0.2928	0.0517	5.663442940038684	0.2137	0.0228	9.37280701754386	0.0068	0.006	1.4118	0.1655	1.0682	0.0106	1.4985	0.3731	1.186	0.0105	PASS
ret_elm_isos_left	outer_retina	sys_cad_nikpay2015	-0.0713	0.0543	-1.3135	0.189	0.6848390243902439	0.7001684210526316	919545	918594	0.1273	0.0209	6.090909090909091	0.0463	0.0041	11.292682926829267	-0.0012	0.0049	1.1642	0.0569	1.0093	0.0095	1.1261	nan	0.9219	0.0079	RATIO_NEGATIVE
ret_elm_isos_left	outer_retina	sys_stroke_megastroke2018	-0.0597	0.0709	-0.8418	0.3999	0.7794098360655737	0.7001684210526316	919545	919171	0.1273	0.0209	6.090909090909091	0.0083	0.0011	7.545454545454545	-0.0063	0.0055	1.1642	0.0569	1.0093	0.0095	1.1404	0.3338	1.0469	0.0068	PASS
ret_elm_isos_left	outer_retina	sys_t2d_scott2017	-0.0374	0.0602	-0.6212	0.5345	0.7876842105263158	0.7001684210526316	919545	919277	0.1273	0.0209	6.090909090909091	0.0551	0.0046	11.978260869565219	-0.0024	0.0053	1.1642	0.0569	1.0093	0.0095	1.2309	0.133	1.0307	0.0087	PASS
ret_elm_isos_left	outer_retina	sys_ckd_wuttke2019	-0.2118	0.0852	-2.4844	0.013	0.216	0.312	919545	916999	0.1273	0.0209	6.090909090909091	0.0096	0.0015	6.3999999999999995	0.0026	0.0055	1.1642	0.0569	1.0093	0.0095	1.1963	0.4639	1.0911	0.0077	PASS
ret_elm_isos_left	outer_retina	sys_ad_kunkle2019	-0.0776	0.0942	-0.8235	0.4102	0.7794098360655737	0.7001684210526316	919545	919271	0.1273	0.0209	6.090909090909091	0.0553	0.0099	5.585858585858586	-0.0036	0.005	1.1642	0.0569	1.0093	0.0095	1.1182	0.3241	1.0383	0.0076	PASS
ret_elm_isos_left	outer_retina	sys_pd_nalls2019_clinical	0.0163	0.0732	0.2231	0.8234	0.9402455445544554	0.8592000000000001	919545	918812	0.1273	0.0209	6.090909090909091	0.164	0.018	9.111111111111112	-0.0038	0.0055	1.1642	0.0569	1.0093	0.0095	1.0897	nan	0.988	0.0059	RATIO_NEGATIVE
ret_elm_isos_left	outer_retina	sys_sle_bentham2015	0.0986	0.1316	0.7491	0.4538	0.7807757575757576	0.7001684210526316	919545	819645	0.1273	0.0209	6.090909090909091	0.3707	0.0653	5.67687595712098	-0.0084	0.0076	1.1642	0.0569	1.0093	0.0095	1.3539	0.6219	1.2201	0.0089	PASS
ret_elm_isos_left	outer_retina	sys_ibd_delange2017	0.0218	0.0547	0.3982	0.6905	0.8730966292134832	0.7891428571428571	919545	892923	0.1273	0.0209	6.090909090909091	0.2137	0.0228	9.37280701754386	0.0018	0.0056	1.1642	0.0569	1.0093	0.0095	1.4985	0.3731	1.186	0.0105	PASS
ret_isos_rpe_left	outer_retina	sys_cad_nikpay2015	-0.0522	0.0512	-1.0192	0.3081	0.7305666666666667	0.7001684210526316	919544	918593	0.1415	0.0171	8.27485380116959	0.0463	0.0041	11.292682926829267	0.0032	0.005	1.1861	0.1026	1.0191	0.0091	1.1261	nan	0.9219	0.0079	RATIO_NEGATIVE
ret_isos_rpe_left	outer_retina	sys_stroke_megastroke2018	-0.0862	0.0718	-1.2006	0.2299	0.6848390243902439	0.7001684210526316	919544	919170	0.1415	0.0171	8.27485380116959	0.0083	0.0011	7.545454545454545	0.0027	0.0055	1.1861	0.1026	1.0191	0.0091	1.1404	0.3338	1.0469	0.0068	PASS
ret_isos_rpe_left	outer_retina	sys_t2d_scott2017	-0.0289	0.0462	-0.626	0.5313	0.7876842105263158	0.7001684210526316	919544	919276	0.1415	0.0171	8.27485380116959	0.0551	0.0046	11.978260869565219	-0.009	0.005	1.1861	0.1026	1.0191	0.0091	1.2309	0.133	1.0307	0.0087	PASS
ret_isos_rpe_left	outer_retina	sys_ckd_wuttke2019	-0.081	0.066	-1.2272	0.2197	0.6848390243902439	0.7001684210526316	919544	916998	0.1415	0.0171	8.27485380116959	0.0096	0.0015	6.3999999999999995	-0.002	0.005	1.1861	0.1026	1.0191	0.0091	1.1963	0.4639	1.0911	0.0077	PASS
ret_isos_rpe_left	outer_retina	sys_ad_kunkle2019	-0.1087	0.0856	-1.2699	0.2041	0.6848390243902439	0.7001684210526316	919544	919270	0.1415	0.0171	8.27485380116959	0.0553	0.0099	5.585858585858586	0.0067	0.0052	1.1861	0.1026	1.0191	0.0091	1.1182	0.3241	1.0383	0.0076	PASS
ret_isos_rpe_left	outer_retina	sys_pd_nalls2019_clinical	0.1231	0.061	2.0175	0.0436	0.34880000000000005	0.3856	919544	918811	0.1415	0.0171	8.27485380116959	0.164	0.018	9.111111111111112	-0.0044	0.0048	1.1861	0.1026	1.0191	0.0091	1.0897	nan	0.988	0.0059	RATIO_NEGATIVE
ret_isos_rpe_left	outer_retina	sys_sle_bentham2015	-0.0307	0.0696	-0.4421	0.6584	0.8575813953488371	0.7891428571428571	919544	819644	0.1415	0.0171	8.27485380116959	0.3707	0.0653	5.67687595712098	-0.005	0.0055	1.1861	0.1026	1.0191	0.0091	1.3539	0.6219	1.2201	0.0089	PASS
ret_isos_rpe_left	outer_retina	sys_ibd_delange2017	0.0302	0.0496	0.6098	0.542	0.7883636363636365	0.7001684210526316	919544	892922	0.1415	0.0171	8.27485380116959	0.2137	0.0228	9.37280701754386	0.0005	0.0058	1.1861	0.1026	1.0191	0.0091	1.4985	0.3731	1.186	0.0105	PASS
ret_macular_total_left	outer_retina	sys_cad_nikpay2015	0.0107	0.0419	0.2565	0.7975	0.9382333333333334	0.8592000000000001	919544	918593	0.2346	0.0229	10.244541484716157	0.0463	0.0041	11.292682926829267	-0.0036	0.0053	1.3248	0.161	1.0523	0.0107	1.1261	nan	0.9219	0.0079	RATIO_NEGATIVE
ret_macular_total_left	outer_retina	sys_stroke_megastroke2018	0.0674	0.0574	1.1748	0.2401	0.6848390243902439	0.7001684210526316	919544	919170	0.2346	0.0229	10.244541484716157	0.0083	0.0011	7.545454545454545	-0.011	0.0049	1.3248	0.161	1.0523	0.0107	1.1404	0.3338	1.0469	0.0068	PASS
ret_macular_total_left	outer_retina	sys_t2d_scott2017	-0.0406	0.0454	-0.895	0.3708	0.7690666666666667	0.7001684210526316	919544	919276	0.2346	0.0229	10.244541484716157	0.0551	0.0046	11.978260869565219	-0.0109	0.0055	1.3248	0.161	1.0523	0.0107	1.2309	0.133	1.0307	0.0087	PASS
ret_macular_total_left	outer_retina	sys_ckd_wuttke2019	-0.1222	0.0618	-1.9756	0.0482	0.3528	0.3856	919544	916999	0.2346	0.0229	10.244541484716157	0.0096	0.0015	6.3999999999999995	-4.9492e-05	0.0055	1.3248	0.161	1.0523	0.0107	1.1963	0.4639	1.0911	0.0077	PASS
ret_macular_total_left	outer_retina	sys_ad_kunkle2019	-0.0704	0.0769	-0.9154	0.36	0.7607547169811321	0.7001684210526316	919544	919270	0.2346	0.0229	10.244541484716157	0.0553	0.0099	5.585858585858586	0.0065	0.0052	1.3248	0.161	1.0523	0.0107	1.1182	0.3241	1.0383	0.0076	PASS
ret_macular_total_left	outer_retina	sys_pd_nalls2019_clinical	-0.0596	0.0564	-1.0578	0.2901	0.7063304347826088	0.7001684210526316	919544	918811	0.2346	0.0229	10.244541484716157	0.164	0.018	9.111111111111112	0.0101	0.0058	1.3248	0.161	1.0523	0.0107	1.0897	nan	0.988	0.0059	RATIO_NEGATIVE
ret_macular_total_left	outer_retina	sys_sle_bentham2015	0.0023	0.0848	0.0271	0.9784	0.9872144144144145	0.9784	919544	819644	0.2346	0.0229	10.244541484716157	0.3707	0.0653	5.67687595712098	0.0007	0.0073	1.3248	0.161	1.0523	0.0107	1.3539	0.6219	1.2201	0.0089	PASS
ret_macular_total_left	outer_retina	sys_ibd_delange2017	-0.0232	0.0393	-0.5913	0.5543	0.7959179487179487	0.7001684210526316	919544	892923	0.2346	0.0229	10.244541484716157	0.2137	0.0228	9.37280701754386	0.0007	0.0053	1.3248	0.161	1.0523	0.0107	1.4985	0.3731	1.186	0.0105	PASS
ret_art_tort	microvasculature	sys_cad_nikpay2015	-0.0455	0.0451	-1.0088	0.3131	0.7305666666666667	0.6493925925925926	1143633	1141327	0.1718	0.0201	8.54726368159204	0.0463	0.0041	11.292682926829267	-0.0006	0.0056	1.3363	0.1747	1.0588	0.0104	1.1261	nan	0.9219	0.0079	RATIO_NEGATIVE
ret_art_tort	microvasculature	sys_stroke_megastroke2018	-0.0255	0.0578	-0.442	0.6585	0.8575813953488371	0.8575813953488371	1143633	1140170	0.1718	0.0201	8.54726368159204	0.0083	0.0011	7.545454545454545	0.0012	0.0052	1.3363	0.1747	1.0588	0.0104	1.1404	0.3338	1.0469	0.0068	PASS
ret_art_tort	microvasculature	sys_t2d_scott2017	-0.0141	0.0421	-0.3351	0.7375	0.9020215053763442	0.8737166666666667	1143633	1142737	0.1718	0.0201	8.54726368159204	0.0551	0.0046	11.978260869565219	-0.0081	0.0055	1.3363	0.1747	1.0588	0.0104	1.2309	0.133	1.0307	0.0087	PASS
ret_art_tort	microvasculature	sys_ckd_wuttke2019	-0.0695	0.056	-1.2419	0.2143	0.6848390243902439	0.5399692307692308	1143633	1139729	0.1718	0.0201	8.54726368159204	0.0096	0.0015	6.3999999999999995	0.0049	0.0048	1.3363	0.1747	1.0588	0.0104	1.1963	0.4639	1.0911	0.0077	PASS
ret_art_tort	microvasculature	sys_ad_kunkle2019	-0.0126	0.0715	-0.1764	0.86	0.944313725490196	0.9261538461538461	1143633	1142825	0.1718	0.0201	8.54726368159204	0.0553	0.0099	5.585858585858586	-0.0013	0.0052	1.3363	0.1747	1.0588	0.0104	1.1182	0.3241	1.0383	0.0076	PASS
ret_art_tort	microvasculature	sys_pd_nalls2019_clinical	-0.0586	0.0486	-1.2068	0.2275	0.6848390243902439	0.5399692307692308	1143633	1143461	0.1718	0.0201	8.54726368159204	0.164	0.018	9.111111111111112	0.0037	0.005	1.3363	0.1747	1.0588	0.0104	1.0897	nan	0.988	0.0059	RATIO_NEGATIVE
ret_art_tort	microvasculature	sys_sle_bentham2015	-0.0131	0.0676	-0.1939	0.8462	0.9402455445544554	0.9261538461538461	1143633	1018519	0.1718	0.0201	8.54726368159204	0.3707	0.0653	5.67687595712098	0.0097	0.0058	1.3363	0.1747	1.0588	0.0104	1.3539	0.6219	1.2201	0.0089	PASS
ret_art_tort	microvasculature	sys_ibd_delange2017	-0.0453	0.0395	-1.1486	0.2507	0.6848390243902439	0.5399692307692308	1143633	1121747	0.1718	0.0201	8.54726368159204	0.2137	0.0228	9.37280701754386	0.0071	0.0056	1.3363	0.1747	1.0588	0.0104	1.4985	0.3731	1.186	0.0105	PASS
ret_ven_tort	microvasculature	sys_cad_nikpay2015	-0.0261	0.0455	-0.5737	0.5662	0.8027139240506329	0.7961560975609755	1143642	1141336	0.1	0.0201	4.975124378109453	0.0463	0.0041	11.292682926829267	-0.0018	0.0044	1.1803	0.1038	1.0187	0.0074	1.1261	nan	0.9219	0.0079	RATIO_NEGATIVE
ret_ven_tort	microvasculature	sys_stroke_megastroke2018	-0.0467	0.0723	-0.6458	0.5184	0.7876842105263158	0.7639578947368421	1143642	1140179	0.1	0.0201	4.975124378109453	0.0083	0.0011	7.545454545454545	-0.0011	0.0046	1.1803	0.1038	1.0187	0.0074	1.1404	0.3338	1.0469	0.0068	PASS
ret_ven_tort	microvasculature	sys_t2d_scott2017	-0.0758	0.0497	-1.5238	0.1276	0.571648	0.39697777777777776	1143642	1142746	0.1	0.0201	4.975124378109453	0.0551	0.0046	11.978260869565219	-0.0029	0.0047	1.1803	0.1038	1.0187	0.0074	1.2309	0.133	1.0307	0.0087	PASS
ret_ven_tort	microvasculature	sys_ckd_wuttke2019	-0.1516	0.0734	-2.0659	0.0388	0.3428923076923077	0.22288000000000002	1143642	1139744	0.1	0.0201	4.975124378109453	0.0096	0.0015	6.3999999999999995	0.0011	0.0049	1.1803	0.1038	1.0187	0.0074	1.1963	0.4639	1.0911	0.0077	PASS
ret_ven_tort	microvasculature	sys_ad_kunkle2019	-0.153	0.0782	-1.9564	0.0504	0.3528	0.2565818181818182	1143642	1142834	0.1	0.0201	4.975124378109453	0.0553	0.0099	5.585858585858586	0.0017	0.0043	1.1803	0.1038	1.0187	0.0074	1.1182	0.3241	1.0383	0.0076	PASS
ret_ven_tort	microvasculature	sys_pd_nalls2019_clinical	0.08	0.0465	1.7218	0.0851	0.5016421052631579	0.3404	1143642	1143466	0.1	0.0201	4.975124378109453	0.164	0.018	9.111111111111112	-0.0041	0.0041	1.1803	0.1038	1.0187	0.0074	1.0897	nan	0.988	0.0059	RATIO_NEGATIVE
ret_ven_tort	microvasculature	sys_sle_bentham2015	-0.1058	0.067	-1.5792	0.1143	0.5646666666666667	0.39697777777777776	1143642	1018529	0.1	0.0201	4.975124378109453	0.3707	0.0653	5.67687595712098	0.005	0.005	1.1803	0.1038	1.0187	0.0074	1.3539	0.6219	1.2201	0.0089	PASS
ret_ven_tort	microvasculature	sys_ibd_delange2017	0.0519	0.0382	1.3594	0.174	0.6848390243902439	0.48719999999999997	1143642	1121754	0.1	0.0201	4.975124378109453	0.2137	0.0228	9.37280701754386	-0.0012	0.0046	1.1803	0.1038	1.0187	0.0074	1.4985	0.3731	1.186	0.0105	PASS
ret_crae	microvasculature	sys_cad_nikpay2015	-0.054	0.0576	-0.9375	0.3485	0.7506153846153846	0.6729655172413792	1143623	1141316	0.0641	0.0074	8.662162162162163	0.0463	0.0041	11.292682926829267	0.0083	0.0041	1.0899	nan	0.9856	0.0065	1.1261	nan	0.9219	0.0079	RATIO_NEGATIVE
ret_crae	microvasculature	sys_stroke_megastroke2018	0.0053	0.087	0.0604	0.9518	0.9872144144144145	0.9708363636363636	1143623	1140160	0.0641	0.0074	8.662162162162163	0.0083	0.0011	7.545454545454545	0.0109	0.0045	1.0899	nan	0.9856	0.0065	1.1404	0.3338	1.0469	0.0068	RATIO_NEGATIVE
ret_crae	microvasculature	sys_t2d_scott2017	0.0253	0.052	0.4862	0.6268	0.8357333333333333	0.8357333333333333	1143623	1142727	0.0641	0.0074	8.662162162162163	0.0551	0.0046	11.978260869565219	0.0065	0.0042	1.0899	nan	0.9856	0.0065	1.2309	0.133	1.0307	0.0087	RATIO_NEGATIVE
ret_crae	microvasculature	sys_ckd_wuttke2019	0.0012	0.0835	0.0146	0.9884	0.9883999999999998	0.9883999999999998	1143623	1139722	0.0641	0.0074	8.662162162162163	0.0096	0.0015	6.3999999999999995	0.0056	0.0047	1.0899	nan	0.9856	0.0065	1.1963	0.4639	1.0911	0.0077	RATIO_NEGATIVE
ret_crae	microvasculature	sys_ad_kunkle2019	-0.0663	0.1023	-0.6479	0.517	0.7876842105263158	0.7639578947368421	1143623	1142815	0.0641	0.0074	8.662162162162163	0.0553	0.0099	5.585858585858586	-0.0007	0.0039	1.0899	nan	0.9856	0.0065	1.1182	0.3241	1.0383	0.0076	RATIO_NEGATIVE
ret_crae	microvasculature	sys_pd_nalls2019_clinical	-0.0817	0.0649	-1.2594	0.2079	0.6848390243902439	0.5399692307692308	1143623	1143462	0.0641	0.0074	8.662162162162163	0.164	0.018	9.111111111111112	0.0044	0.0044	1.0899	nan	0.9856	0.0065	1.0897	nan	0.988	0.0059	RATIO_NEGATIVE
ret_crae	microvasculature	sys_sle_bentham2015	-0.1678	0.0762	-2.2026	0.0276	0.2810181818181818	0.19319999999999998	1143623	1018509	0.0641	0.0074	8.662162162162163	0.3707	0.0653	5.67687595712098	0.008	0.0051	1.0899	nan	0.9856	0.0065	1.3539	0.6219	1.2201	0.0089	RATIO_NEGATIVE
ret_crae	microvasculature	sys_ibd_delange2017	0.1554	0.058	2.6815	0.0073	0.16352	0.1022	1143623	1121743	0.0641	0.0074	8.662162162162163	0.2137	0.0228	9.37280701754386	-0.007	0.0045	1.0899	nan	0.9856	0.0065	1.4985	0.3731	1.186	0.0105	RATIO_NEGATIVE
ret_crve	microvasculature	sys_cad_nikpay2015	-0.1376	0.0502	-2.7418	0.0061	0.16352	0.1022	1143641	1141334	0.0812	0.0163	4.98159509202454	0.0463	0.0041	11.292682926829267	0.0103	0.0047	1.1459	0.0539	1.0079	0.0086	1.1261	nan	0.9219	0.0079	RATIO_NEGATIVE
ret_crve	microvasculature	sys_stroke_megastroke2018	-0.2034	0.0747	-2.722	0.0065	0.16352	0.1022	1143641	1140178	0.0812	0.0163	4.98159509202454	0.0083	0.0011	7.545454545454545	0.0071	0.0049	1.1459	0.0539	1.0079	0.0086	1.1404	0.3338	1.0469	0.0068	PASS
ret_crve	microvasculature	sys_t2d_scott2017	-0.1123	0.0648	-1.7323	0.0832	0.5016421052631579	0.3404	1143641	1142745	0.0812	0.0163	4.98159509202454	0.0551	0.0046	11.978260869565219	0.0039	0.0053	1.1459	0.0539	1.0079	0.0086	1.2309	0.133	1.0307	0.0087	PASS
ret_crve	microvasculature	sys_ckd_wuttke2019	0.006	0.1034	0.0584	0.9535	0.9872144144144145	0.9708363636363636	1143641	1139735	0.0812	0.0163	4.98159509202454	0.0096	0.0015	6.3999999999999995	0.0007	0.0052	1.1459	0.0539	1.0079	0.0086	1.1963	0.4639	1.0911	0.0077	PASS
ret_crve	microvasculature	sys_ad_kunkle2019	-0.0192	0.1003	-0.1918	0.8479	0.9402455445544554	0.9261538461538461	1143641	1142834	0.0812	0.0163	4.98159509202454	0.0553	0.0099	5.585858585858586	0.0029	0.0048	1.1459	0.0539	1.0079	0.0086	1.1182	0.3241	1.0383	0.0076	PASS
ret_crve	microvasculature	sys_pd_nalls2019_clinical	0.0512	0.0746	0.686	0.4927	0.7876842105263158	0.7639578947368421	1143641	1143470	0.0812	0.0163	4.98159509202454	0.164	0.018	9.111111111111112	-0.0033	0.0049	1.1459	0.0539	1.0079	0.0086	1.0897	nan	0.988	0.0059	RATIO_NEGATIVE
ret_crve	microvasculature	sys_sle_bentham2015	-0.1902	0.1606	-1.1843	0.2363	0.6848390243902439	0.5399692307692308	1143641	1018525	0.0812	0.0163	4.98159509202454	0.3707	0.0653	5.67687595712098	0.0116	0.0084	1.1459	0.0539	1.0079	0.0086	1.3539	0.6219	1.2201	0.0089	PASS
ret_crve	microvasculature	sys_ibd_delange2017	0.0821	0.0505	1.6273	0.1037	0.5646666666666667	0.38714666666666664	1143641	1121747	0.0812	0.0163	4.98159509202454	0.2137	0.0228	9.37280701754386	-0.0017	0.0056	1.1459	0.0539	1.0079	0.0086	1.4985	0.3731	1.186	0.0105	PASS
ret_avr	microvasculature	sys_cad_nikpay2015	0.1006	0.0697	1.4427	0.1491	0.6422769230769231	0.4394526315789474	1143627	1141320	0.0495	0.0103	4.805825242718447	0.0463	0.0041	11.292682926829267	0.0006	0.0043	1.062	nan	0.9779	0.0074	1.1261	nan	0.9219	0.0079	RATIO_NEGATIVE
ret_avr	microvasculature	sys_stroke_megastroke2018	0.2378	0.1019	2.3342	0.0196	0.24391111111111108	0.176	1143627	1140164	0.0495	0.0103	4.805825242718447	0.0083	0.0011	7.545454545454545	0.0034	0.0044	1.062	nan	0.9779	0.0074	1.1404	0.3338	1.0469	0.0068	RATIO_NEGATIVE
ret_avr	microvasculature	sys_t2d_scott2017	0.1589	0.0659	2.4108	0.0159	0.22260000000000002	0.176	1143627	1142731	0.0495	0.0103	4.805825242718447	0.0551	0.0046	11.978260869565219	0.0019	0.0046	1.062	nan	0.9779	0.0074	1.2309	0.133	1.0307	0.0087	RATIO_NEGATIVE
ret_avr	microvasculature	sys_ckd_wuttke2019	-0.0589	0.1073	-0.5492	0.5829	0.805985185185185	0.7961560975609755	1143627	1139726	0.0495	0.0103	4.805825242718447	0.0096	0.0015	6.3999999999999995	0.0069	0.0048	1.062	nan	0.9779	0.0074	1.1963	0.4639	1.0911	0.0077	RATIO_NEGATIVE
ret_avr	microvasculature	sys_ad_kunkle2019	-0.0371	0.1035	-0.3589	0.7197	0.8956266666666668	0.8737166666666667	1143627	1142819	0.0495	0.0103	4.805825242718447	0.0553	0.0099	5.585858585858586	-0.0033	0.0039	1.062	nan	0.9779	0.0074	1.1182	0.3241	1.0383	0.0076	RATIO_NEGATIVE
ret_avr	microvasculature	sys_pd_nalls2019_clinical	-0.1755	0.0766	-2.2911	0.022	0.2464	0.176	1143627	1143460	0.0495	0.0103	4.805825242718447	0.164	0.018	9.111111111111112	0.0086	0.0043	1.062	nan	0.9779	0.0074	1.0897	nan	0.988	0.0059	RATIO_NEGATIVE
ret_avr	microvasculature	sys_sle_bentham2015	0.0674	0.1627	0.4139	0.679	0.8730966292134832	0.8633955555555556	1143627	1018514	0.0495	0.0103	4.805825242718447	0.3707	0.0653	5.67687595712098	-0.0043	0.0068	1.062	nan	0.9779	0.0074	1.3539	0.6219	1.2201	0.0089	RATIO_NEGATIVE
ret_avr	microvasculature	sys_ibd_delange2017	0.0758	0.066	1.1489	0.2506	0.6848390243902439	0.5399692307692308	1143627	1121758	0.0495	0.0103	4.805825242718447	0.2137	0.0228	9.37280701754386	-0.0025	0.0055	1.062	nan	0.9779	0.0074	1.4985	0.3731	1.186	0.0105	RATIO_NEGATIVE
ret_art_density	microvasculature	sys_cad_nikpay2015	0.0337	0.0453	0.7442	0.4568	0.7807757575757576	0.7523764705882353	1143630	1141324	0.0766	0.0079	9.696202531645568	0.0463	0.0041	11.292682926829267	0.0109	0.0041	1.1387	0.0794	1.011	0.0068	1.1261	nan	0.9219	0.0079	RATIO_NEGATIVE
ret_art_density	microvasculature	sys_stroke_megastroke2018	0.1316	0.074	1.7798	0.0751	0.4947764705882354	0.3404	1143630	1140167	0.0766	0.0079	9.696202531645568	0.0083	0.0011	7.545454545454545	0.0031	0.0043	1.1387	0.0794	1.011	0.0068	1.1404	0.3338	1.0469	0.0068	PASS
ret_art_density	microvasculature	sys_t2d_scott2017	0.1636	0.0569	2.8771	0.004	0.16352	0.1022	1143630	1142734	0.0766	0.0079	9.696202531645568	0.0551	0.0046	11.978260869565219	-0.0038	0.0047	1.1387	0.0794	1.011	0.0068	1.2309	0.133	1.0307	0.0087	PASS
ret_art_density	microvasculature	sys_ckd_wuttke2019	-0.0584	0.073	-0.7998	0.4238	0.7794098360655737	0.742875	1143630	1139731	0.0766	0.0079	9.696202531645568	0.0096	0.0015	6.3999999999999995	0.0088	0.0045	1.1387	0.0794	1.011	0.0068	1.1963	0.4639	1.0911	0.0077	PASS
ret_art_density	microvasculature	sys_ad_kunkle2019	-0.0196	0.091	-0.2158	0.8291	0.9402455445544554	0.9261538461538461	1143630	1142822	0.0766	0.0079	9.696202531645568	0.0553	0.0099	5.585858585858586	-0.0024	0.0045	1.1387	0.0794	1.011	0.0068	1.1182	0.3241	1.0383	0.0076	PASS
ret_art_density	microvasculature	sys_pd_nalls2019_clinical	-0.009	0.058	-0.1548	0.877	0.953631067961165	0.9266415094339623	1143630	1143453	0.0766	0.0079	9.696202531645568	0.164	0.018	9.111111111111112	0.0031	0.0042	1.1387	0.0794	1.011	0.0068	1.0897	nan	0.988	0.0059	RATIO_NEGATIVE
ret_art_density	microvasculature	sys_sle_bentham2015	-0.0361	0.0655	-0.5518	0.5811	0.805985185185185	0.7961560975609755	1143630	1018521	0.0766	0.0079	9.696202531645568	0.3707	0.0653	5.67687595712098	0.008	0.0052	1.1387	0.0794	1.011	0.0068	1.3539	0.6219	1.2201	0.0089	PASS
ret_art_density	microvasculature	sys_ibd_delange2017	0.0428	0.0437	0.9778	0.3282	0.7394196078431372	0.6564	1143630	1121750	0.0766	0.0079	9.696202531645568	0.2137	0.0228	9.37280701754386	-0.0004	0.0048	1.1387	0.0794	1.011	0.0068	1.4985	0.3731	1.186	0.0105	PASS
ret_ven_density	microvasculature	sys_cad_nikpay2015	-0.0397	0.0497	-0.7986	0.4245	0.7794098360655737	0.742875	1143627	1141321	0.0662	0.0084	7.8809523809523805	0.0463	0.0041	11.292682926829267	0.0063	0.0042	1.144	0.2033	1.0293	0.0069	1.1261	nan	0.9219	0.0079	RATIO_NEGATIVE
ret_ven_density	microvasculature	sys_stroke_megastroke2018	0.0563	0.0828	0.6804	0.4963	0.7876842105263158	0.7639578947368421	1143627	1140164	0.0662	0.0084	7.8809523809523805	0.0083	0.0011	7.545454545454545	-0.0024	0.0046	1.144	0.2033	1.0293	0.0069	1.1404	0.3338	1.0469	0.0068	PASS
ret_ven_density	microvasculature	sys_t2d_scott2017	0.0945	0.0609	1.5507	0.121	0.5646666666666667	0.39697777777777776	1143627	1142731	0.0662	0.0084	7.8809523809523805	0.0551	0.0046	11.978260869565219	-0.0038	0.005	1.144	0.2033	1.0293	0.0069	1.2309	0.133	1.0307	0.0087	PASS
ret_ven_density	microvasculature	sys_ckd_wuttke2019	-0.1585	0.0771	-2.0555	0.0398	0.3428923076923077	0.22288000000000002	1143627	1139724	0.0662	0.0084	7.8809523809523805	0.0096	0.0015	6.3999999999999995	0.0065	0.0045	1.144	0.2033	1.0293	0.0069	1.1963	0.4639	1.0911	0.0077	PASS
ret_ven_density	microvasculature	sys_ad_kunkle2019	0.0324	0.1013	0.32	0.7489	0.9020215053763442	0.8737166666666667	1143627	1142820	0.0662	0.0084	7.8809523809523805	0.0553	0.0099	5.585858585858586	-0.0032	0.0045	1.144	0.2033	1.0293	0.0069	1.1182	0.3241	1.0383	0.0076	PASS
ret_ven_density	microvasculature	sys_pd_nalls2019_clinical	-0.0257	0.0654	-0.3937	0.6938	0.8730966292134832	0.8633955555555556	1143627	1143450	0.0662	0.0084	7.8809523809523805	0.164	0.018	9.111111111111112	0.0012	0.0043	1.144	0.2033	1.0293	0.0069	1.0897	nan	0.988	0.0059	RATIO_NEGATIVE
ret_ven_density	microvasculature	sys_sle_bentham2015	-0.0611	0.0789	-0.7751	0.4383	0.7807757575757576	0.7437818181818182	1143627	1018520	0.0662	0.0084	7.8809523809523805	0.3707	0.0653	5.67687595712098	0.0075	0.0048	1.144	0.2033	1.0293	0.0069	1.3539	0.6219	1.2201	0.0089	PASS
ret_ven_density	microvasculature	sys_ibd_delange2017	0.044	0.0526	0.8353	0.4035	0.7794098360655737	0.742875	1143627	1121751	0.0662	0.0084	7.8809523809523805	0.2137	0.0228	9.37280701754386	0.0022	0.0054	1.144	0.2033	1.0293	0.0069	1.4985	0.3731	1.186	0.0105	PASS
