pair_id	direction	n_iv_final	heterogeneity_Q	heterogeneity_p	egger_intercept	egger_p	weighted_median	weighted_median_p	weighted_mode	weighted_mode_p	loo_status	loo_beta_min	loo_beta_max	presso_status	steiger_direction	steiger_p	variance_explained_exposure	variance_explained_outcome
ret_rnfl_left__sys_cad_nikpay2015	ret_rnfl_left_to_sys_cad_nikpay2015	16	27.44300213614619	0.0253274540032519	0.0037896011875245	0.333817836077898	-0.0784925143882895	0.1197999984349677	-0.1451710222699469	0.0040136125034554	COMPUTED	-0.0771080270714096	-0.0019500657029677	COMPUTED_NO_OUTLIER	True	6.613740856240099e-82	0.0180248638753181	0.0013870427547779
ret_rnfl_left__sys_cad_nikpay2015	sys_cad_nikpay2015_to_ret_rnfl_left	30	33.23963620568244	0.2681790542118257	0.0005501264079912	0.7488409560479008	0.0188024785595617	0.1828943061726293	-0.0020886008466048	0.8823833702405899	COMPUTED	0.0035919819282728	0.0208795151358461	COMPUTED_NO_OUTLIER	True	0.0	0.0961566686599282	0.0007452109865117
ret_rnfl_left__sys_stroke_megastroke2018	ret_rnfl_left_to_sys_stroke_megastroke2018	16	10.95191865545202	0.7559952703515248	0.0044619167177357	0.0679834997999221	-0.0438002983030842	0.4219537050647577	-0.0453228962050894	0.4060008851094375	COMPUTED	-0.0504495659150032	-0.0037195709246891	COMPUTED_NO_OUTLIER	True	8.716951059036758e-97	0.0180248638753181	0.000622635726695
ret_rnfl_left__sys_stroke_megastroke2018	sys_stroke_megastroke2018_to_ret_rnfl_left	7	11.554662467734724	0.0726738243172767	0.0199353423843812	0.6139511774785869	0.0846536277602523	0.0391116065914023	0.0370256945722223	0.3668885063641615	COMPUTED	0.00482194394743	0.0772591553091802	COMPUTED_NO_OUTLIER	True	1.3920657695637636e-73	0.0126013954123037	0.0002944224818638
ret_rnfl_left__sys_t2d_scott2017	ret_rnfl_left_to_sys_t2d_scott2017	14	7.86854234088249	0.8520577252831074	-0.0017469627681853	0.5811772463618489	0.032382855021958	0.6466829729839982	-0.0496187846293435	0.4824625078423578	COMPUTED	-0.0134508660060825	0.0501678871441056	COMPUTED_NO_OUTLIER	True	1.1026309952957138e-69	0.0149343422172705	0.000589523406566
ret_rnfl_left__sys_t2d_scott2017	sys_t2d_scott2017_to_ret_rnfl_left	28	62.2657373317338	0.0001321073834807	-0.0014253744141302	0.5240681959476028	-0.0023130896551724	0.8501160708734112	-0.0026794681700285	0.826726377314315	COMPUTED	0.006178836992456	0.0233664688364121	COMPUTED_NO_OUTLIER	NA	NA	NA	NA
ret_rnfl_left__sys_ckd_wuttke2019	ret_rnfl_left_to_sys_ckd_wuttke2019	16	14.3854676810717	0.4965180055556109	0.0020197892058991	0.4796611903129357	-0.0303856911018266	0.5462703681201715	-0.0535527964613117	0.2876098511522508	COMPUTED	-0.0989714675906543	-0.0590168039717039	COMPUTED_NO_OUTLIER	True	3.0113960834515872e-96	0.0180248638753181	0.0007776827783875
ret_rnfl_left__sys_ckd_wuttke2019	sys_ckd_wuttke2019_to_ret_rnfl_left	16	34.69833073278293	0.0027141131782257	-0.0043076211647216	0.2004952296476146	-0.0218349128296826	0.2764440883626304	0.0010844460987582	0.956892724279825	COMPUTED	-0.0232924918525632	0.0076109087838409	COMPUTED_NO_OUTLIER	True	0.0	0.050369252914	0.0007662930777758
ret_rnfl_left__sys_ad_kunkle2019	ret_rnfl_left_to_sys_ad_kunkle2019	16	8.357589911178483	0.908647736111946	-0.0029650415264532	0.3656049331462557	0.1215342806366005	0.1148941665598113	0.1160521849336619	0.1322067766078141	COMPUTED	-0.0170833011228449	0.0361897274799885	COMPUTED_NO_OUTLIER	True	2.9303888996245673e-66	0.0180248638753181	0.0009087965103301
ret_rnfl_left__sys_ad_kunkle2019	sys_ad_kunkle2019_to_ret_rnfl_left	18	23.93865172582451	0.121111457515405	0.0031534882241784	0.1340888214291481	-0.0043855899720294	0.5662915013333354	-0.0076641123256141	0.3162143555170056	COMPUTED	-0.0086221116238321	0.0046784895805641	COMPUTED_NO_OUTLIER	True	0.0	0.3346634975276982	0.0005393612692716
ret_rnfl_left__sys_pd_nalls2019_clinical	ret_rnfl_left_to_sys_pd_nalls2019_clinical	15	10.8214434489107	0.7000026685266744	-0.0023415526243229	0.7178808701597661	-0.2201541309444497	0.058573932992915	-0.2215435654932047	0.0569995041340599	COMPUTED	-0.1787676382852038	-0.0700205881085109	COMPUTED_NO_OUTLIER	True	3.837922846415732e-24	0.0172887305654726	0.0031603926945059
ret_rnfl_left__sys_pd_nalls2019_clinical	sys_pd_nalls2019_clinical_to_ret_rnfl_left	10	13.80820061866696	0.1293133431555351	-0.0034663178891296	0.267471910001144	-0.027145483431684	0.0431808795582346	-0.0165516978035903	0.2176248825080701	COMPUTED	-0.0273657050850598	-0.010441812250306	COMPUTED_NO_OUTLIER	True	0.0	0.1236095278382324	0.0003796003918381
ret_rnfl_left__sys_sle_bentham2015	ret_rnfl_left_to_sys_sle_bentham2015	15	28.128151701547115	0.0136808119111608	-0.0104117828059589	0.4102172075828183	0.1388120003245944	0.3285031076988864	0.1214367262522868	0.3926483762974537	COMPUTED	0.0106695783441055	0.192987961081136	COMPUTED_NO_OUTLIER	True	0.1074104141840621	0.0172663091722062	0.013433535176898
ret_rnfl_left__sys_sle_bentham2015	sys_sle_bentham2015_to_ret_rnfl_left	28	32.7222959097767	0.2063890971615951	-0.001957180909799	0.2892984802665456	-0.0074910961014047	0.0805393713489546	-0.0055478405007636	0.1955854863668833	COMPUTED	-0.0082084513132331	-0.0049504603875842	COMPUTED_NO_OUTLIER	True	0.0	0.999998000001	0.0007533350451184
ret_rnfl_left__sys_ibd_delange2017	ret_rnfl_left_to_sys_ibd_delange2017	13	17.029860628053292	0.1484775013569531	0.0020133594529618	0.729862869612422	0.0046550492155078	0.9507117341943132	-0.0264948149976342	0.7249756532481857	COMPUTED	0.0132126637243765	0.1048336080402153	COMPUTED_NO_OUTLIER	True	1.3698251004529643e-38	0.014198208907425	0.0016588889313351
ret_rnfl_left__sys_ibd_delange2017	sys_ibd_delange2017_to_ret_rnfl_left	90	90.47407896805632	0.4365154487755883	0.0007720595746159	0.3342118512066689	0.0043374523506988	0.4892591311210266	0.002854428328001	0.6490659236133783	COMPUTED	0.002913830646738	0.0067312404658359	COMPUTED_NO_OUTLIER	NA	NA	NA	NA
ret_gcipl_left__sys_cad_nikpay2015	ret_gcipl_left_to_sys_cad_nikpay2015	30	27.363985549531044	0.5520741825727349	0.0011166108391545	0.6011593249956295	-0.0514877145091191	0.1698724964834992	-0.0793775904171742	0.0343336466657765	COMPUTED	-0.0646953638390688	-0.0382296669830537	COMPUTED_NO_OUTLIER	True	1.6773929356519331e-192	0.0356249528209829	0.0016255983732292
ret_gcipl_left__sys_cad_nikpay2015	sys_cad_nikpay2015_to_ret_gcipl_left	30	45.94546631997098	0.0237594757764316	0.0018657040791614	0.3498492009513142	-0.0507039049286815	0.0003033873962489	-0.0491094612639536	0.0004673666148778	COMPUTED	-0.022125988758419	-0.0072989993010404	COMPUTED_NO_OUTLIER	True	0.0	0.0961566686599282	0.0011361558628485
ret_gcipl_left__sys_stroke_megastroke2018	ret_gcipl_left_to_sys_stroke_megastroke2018	29	23.00706566033949	0.7326866760709785	0.0015590402050294	0.4738422556366879	-0.0302912809576891	0.4435407510016672	-0.0110964400870201	0.7789496589447399	COMPUTED	0.0131867086423471	0.0413104866115545	COMPUTED_NO_OUTLIER	True	7.770287329582401e-184	0.0349234022865753	0.0013587932094953
ret_gcipl_left__sys_stroke_megastroke2018	sys_stroke_megastroke2018_to_ret_gcipl_left	7	2.7248933407305613	0.8424982449095593	-0.0188609953478307	0.2484840167757711	0.077198916967509	0.0533427088758573	0.0982127395924408	0.0139685750472055	COMPUTED	0.0401780659382483	0.0708105120401595	COMPUTED_NO_OUTLIER	True	1.0451272220319264e-85	0.0126013954123037	9.065819180504523e-05
ret_gcipl_left__sys_t2d_scott2017	ret_gcipl_left_to_sys_t2d_scott2017	24	28.28839613774152	0.2050720701360383	-0.0005301786549786	0.8853083206398119	0.104042525017498	0.0559732243130594	0.1018039015769722	0.0614670287407836	COMPUTED	0.0420348504771521	0.0797137339989946	COMPUTED_NO_OUTLIER	True	5.242857510987743e-90	0.0272716760061017	0.0029683730976235
ret_gcipl_left__sys_t2d_scott2017	sys_t2d_scott2017_to_ret_gcipl_left	28	54.513801292986585	0.0013158269275453	0.0014061607801336	0.4856688421817582	-0.0360795294117647	0.0029031940362877	-0.0337604007625888	0.0053297364622315	COMPUTED	-0.0156176118792012	-0.0024977537763141	COMPUTED_NO_OUTLIER	NA	NA	NA	NA
ret_gcipl_left__sys_ckd_wuttke2019	ret_gcipl_left_to_sys_ckd_wuttke2019	31	21.669404548211805	0.8657966772183425	0.0021158436426386	0.2281581029517776	-0.0034914209967075	0.9188351459693772	0.0104428887023674	0.7605278333383738	COMPUTED	-0.0400249676592824	-0.0146774699108216	COMPUTED_NO_OUTLIER	True	6.894901231387762e-236	0.0400817812719547	0.001185047896362
ret_gcipl_left__sys_ckd_wuttke2019	sys_ckd_wuttke2019_to_ret_gcipl_left	16	24.30637586572192	0.0600700112564968	0.0015336200559471	0.5849054458568583	0.0140597228430934	0.4777278027420295	0.0358921876683879	0.0699217577156909	COMPUTED	-0.0035851298035174	0.0205866702528339	COMPUTED_NO_OUTLIER	True	0.0	0.050369252914	0.0004842361864844
ret_gcipl_left__sys_ad_kunkle2019	ret_gcipl_left_to_sys_ad_kunkle2019	30	32.50492492204309	0.2981532717307413	-0.0001774209043088	0.9597188458818536	0.0728000728000728	0.1931075530924528	0.0334193560717002	0.5502169173615337	COMPUTED	0.0678063459795926	0.1204745313241869	COMPUTED_NO_OUTLIER	True	1.1842760932126801e-96	0.0356249528209829	0.0040752928403374
ret_gcipl_left__sys_ad_kunkle2019	sys_ad_kunkle2019_to_ret_gcipl_left	18	18.73696089439944	0.3438376295671614	-0.0009354931819504	0.6394066481852883	-0.0065979902620946	0.3839245828551374	-0.006262665975332	0.4085558761278037	COMPUTED	-0.0034044345928874	0.0096717602763232	COMPUTED_NO_OUTLIER	True	0.0	0.3346634975276982	0.0004024580443191
ret_gcipl_left__sys_pd_nalls2019_clinical	ret_gcipl_left_to_sys_pd_nalls2019_clinical	26	35.470749024448196	0.0800229465745405	0.0092790226724458	0.1735335933286468	-0.115677260443363	0.1859882260797607	-0.0978614977787182	0.2632030551830299	COMPUTED	0.0071287423076246	0.1105306693856585	COMPUTED_NO_OUTLIER	True	3.7398933430153005e-20	0.0325868936630044	0.0127980338415855
ret_gcipl_left__sys_pd_nalls2019_clinical	sys_pd_nalls2019_clinical_to_ret_gcipl_left	10	33.21481354619555	0.0001225248545537	-0.001741202353039	0.7580964773359776	0.0269052390057361	0.0481695797262275	0.0163122123805155	0.2309412735976085	COMPUTED	-0.0124874140667072	0.0245309220654849	COMPUTED_NO_OUTLIER	True	0.0	0.1236095278382324	0.0008329103980367
ret_gcipl_left__sys_sle_bentham2015	ret_gcipl_left_to_sys_sle_bentham2015	27	46.9918828665093	0.007050842621939	0.0014111263864761	0.8896875537586039	0.0602816534990554	0.58142785327885	0.0885909591360385	0.4178250082647006	COMPUTED	0.1311934529452867	0.2854438311358537	COMPUTED_NO_OUTLIER	True	0.1163493880444533	0.0315424764795747	0.0264727449399059
ret_gcipl_left__sys_sle_bentham2015	sys_sle_bentham2015_to_ret_gcipl_left	28	29.611707320878686	0.3318798241168709	0.0030580488390664	0.0720766747791247	-0.000797791151111	0.8509623611272185	0.0013305464149349	0.7540058231119463	COMPUTED	-0.0007518472907866	0.002873545614072	COMPUTED_NO_OUTLIER	True	0.0	0.999998000001	0.0006167396262719
ret_gcipl_left__sys_ibd_delange2017	ret_gcipl_left_to_sys_ibd_delange2017	21	26.8980775478754	0.1381559385835973	0.0049007419871333	0.1990574063956711	-0.0674972036872758	0.2856876206838792	-0.0891546795453304	0.158482300853062	COMPUTED	-0.040665479554499	0.0374906845184685	COMPUTED_NO_OUTLIER	True	8.33383146154482e-57	0.020820298370078	0.0023695011320408
ret_gcipl_left__sys_ibd_delange2017	sys_ibd_delange2017_to_ret_gcipl_left	90	117.11023554701228	0.0245604931556975	0.0013602458819817	0.1301791841454046	0.013225625	0.0338299258703165	0.0058306381441006	0.3495079214564917	COMPUTED	0.001343569591404	0.0051503916439812	COMPUTED_NO_OUTLIER	NA	NA	NA	NA
ret_inl_left__sys_cad_nikpay2015	ret_inl_left_to_sys_cad_nikpay2015	59	81.487570236505	0.0226961561526065	0.0027470686952851	0.1772780369700253	-0.0103532833242114	0.6762200401157423	0.0267878728520098	0.279893387130533	COMPUTED	0.0254365892855356	0.0454992317428381	COMPUTED_NO_OUTLIER	True	0.0	0.0794326146865621	0.0050130500253646
ret_inl_left__sys_cad_nikpay2015	sys_cad_nikpay2015_to_ret_inl_left	30	53.538106587446904	0.0036548727986139	-0.0003082749986341	0.8987065875170767	-0.0434192034512271	0.002328189940599	-0.0407651662055962	0.0042537627356771	COMPUTED	-0.0310286833270592	-0.0087764143852639	COMPUTED_NO_OUTLIER	True	0.0	0.0961566686599282	0.0013803765437545
ret_inl_left__sys_stroke_megastroke2018	ret_inl_left_to_sys_stroke_megastroke2018	60	56.91005634581655	0.5529473432022427	0.0018188527978924	0.2668226845097066	-0.0096584140884066	0.7118251657888147	-0.0012540201020107	0.9617460630238648	COMPUTED	0.0163729534624637	0.0409541293233727	COMPUTED_NO_OUTLIER	True	0.0	0.0804588520778949	0.0032175426055848
ret_inl_left__sys_stroke_megastroke2018	sys_stroke_megastroke2018_to_ret_inl_left	7	6.5392237843171825	0.3655657748952263	-0.021848845951856	0.4292659817278126	0.0029944260027662	0.9412325764452852	-0.0182151262244206	0.6538326368688556	COMPUTED	-0.0199119867154486	0.0305715347782333	COMPUTED_NO_OUTLIER	True	6.846967508472252e-82	0.0126013954123037	0.0001388749427355
ret_inl_left__sys_t2d_scott2017	ret_inl_left_to_sys_t2d_scott2017	54	94.44640562662904	0.0004016121212669	-0.0016617385909978	0.5805882794771002	0.0042926284837363	0.8967736392620261	0.029946133387098	0.3654252025538043	COMPUTED	-0.0277353665400882	0.0050215574326278	COMPUTED_NO_OUTLIER	True	5.002196004498201e-242	0.0754598557820616	0.0092899284628887
ret_inl_left__sys_t2d_scott2017	sys_t2d_scott2017_to_ret_inl_left	28	69.46933936139985	1.3348559222747802e-05	-0.000784336644151	0.7585307751047331	-0.03959	0.0013632759792838	-0.0338072716693654	0.0062462178259609	COMPUTED	-0.0474265267499643	-0.0278730944827024	COMPUTED_NO_OUTLIER	NA	NA	NA	NA
ret_inl_left__sys_ckd_wuttke2019	ret_inl_left_to_sys_ckd_wuttke2019	59	81.61363543882103	0.0221971994133979	0.0016281874193849	0.4182554849075107	-0.0186302135488228	0.447652165920595	-0.0207390082050318	0.3979512719878976	COMPUTED	-0.0789648385962437	-0.041221415435936	COMPUTED_NO_OUTLIER	True	0.0	0.0796054773447916	0.0048149789543205
ret_inl_left__sys_ckd_wuttke2019	sys_ckd_wuttke2019_to_ret_inl_left	16	35.80089833275294	0.0018885172457955	-0.000302381774993	0.9322227986005296	0.0821957979436745	4.6015044509493265e-05	0.0605967299332317	0.0026629252368738	COMPUTED	-0.0249109059228205	0.0041215147300527	COMPUTED_NO_OUTLIER	True	0.0	0.050369252914	0.0007851339758112
ret_inl_left__sys_ad_kunkle2019	ret_inl_left_to_sys_ad_kunkle2019	60	68.76534125846456	0.1802818231110268	-0.0035597724846275	0.1603888214325156	-0.0753892877456188	0.0419919072858106	-0.0436504516257496	0.239013527443458	COMPUTED	-0.0366884425702257	-0.0128708024760064	COMPUTED_NO_OUTLIER	True	3.8585001957306665e-237	0.0804588520778949	0.0082627484182862
ret_inl_left__sys_ad_kunkle2019	sys_ad_kunkle2019_to_ret_inl_left	18	19.260804983175905	0.3137692312353058	-0.0040657647881985	0.0264640791439333	0.0335260540764529	1.2735878204730095e-05	0.0287504394237921	0.0001819228472104	COMPUTED	0.0132198432067924	0.029838396903888	COMPUTED_NO_OUTLIER	True	0.0	0.3346634975276982	0.000683008282489
ret_inl_left__sys_pd_nalls2019_clinical	ret_inl_left_to_sys_pd_nalls2019_clinical	57	56.3744426265684	0.460840932608838	0.0020265060823713	0.6048893145921094	0.0099267033686402	0.8602241675976804	-0.0007494400389598	0.9893930410470584	COMPUTED	0.032484356323665	0.0713204642576268	COMPUTED_NO_OUTLIER	True	6.390567664729175e-89	0.0779993402511381	0.0185324391158622
ret_inl_left__sys_pd_nalls2019_clinical	sys_pd_nalls2019_clinical_to_ret_inl_left	10	15.35720549419086	0.0815799606887397	-0.0015812745008001	0.6536571952550966	-0.020359464627151	0.1309458904926597	-0.0307461984255495	0.0225525845140454	COMPUTED	-0.0233943878252441	-0.0048998863446213	COMPUTED_NO_OUTLIER	True	0.0	0.1236095278382324	0.0003672380677468
ret_inl_left__sys_sle_bentham2015	ret_inl_left_to_sys_sle_bentham2015	54	67.87761676523795	0.0819883650216029	0.0007915503080068	0.8893234209919303	0.0266956710268184	0.7014475744343843	0.0913150118174903	0.189742004185504	COMPUTED	0.0447439734372555	0.0950377743738773	COMPUTED_NO_OUTLIER	True	2.0762279073743412e-21	0.0756981974798095	0.0350910367927593
ret_inl_left__sys_sle_bentham2015	sys_sle_bentham2015_to_ret_inl_left	28	34.24178038873118	0.1591308779805091	0.0020838542802067	0.2723340636191947	-0.0085046162128098	0.0480083220625217	-0.0104349736322806	0.0152622163017709	COMPUTED	-0.0017677136479994	0.0045493091579635	COMPUTED_NO_OUTLIER	True	0.0	0.999998000001	0.0007251838750072
ret_inl_left__sys_ibd_delange2017	ret_inl_left_to_sys_ibd_delange2017	49	73.17788199929639	0.0110863178125666	0.0041677899451513	0.1399098937099876	-0.0270972173035854	0.428267030506702	-0.0598968065039646	0.0799416921139248	COMPUTED	-0.0527487773008869	-0.0257068424553343	COMPUTED_NO_OUTLIER	True	1.1627521608481372e-210	0.0691212757961515	0.0065133473382575
ret_inl_left__sys_ibd_delange2017	sys_ibd_delange2017_to_ret_inl_left	90	106.186864372249	0.1033356558018543	0.0002642895806116	0.7629121849473568	-0.0088452721191851	0.1603280038514314	-0.0101752759123632	0.1062945345568031	COMPUTED	-0.0113144783274212	-0.0076100952273344	COMPUTED_NO_OUTLIER	NA	NA	NA	NA
ret_inl_elm_left__sys_cad_nikpay2015	ret_inl_elm_left_to_sys_cad_nikpay2015	77	164.59411346256917	1.7434739429944557e-08	0.0036376614125227	0.0824395416487267	0.0312389851476594	0.0937559074450332	0.028092086977004	0.1317889416849427	COMPUTED	0.0236414653755761	0.0424639093845409	COMPUTED_NO_OUTLIER	True	0.0	0.1321379512944653	0.0090512127502065
ret_inl_elm_left__sys_cad_nikpay2015	sys_cad_nikpay2015_to_ret_inl_elm_left	30	41.74482182082418	0.0591932184219073	-0.0015558067345162	0.4133965319292916	-0.0212439955659563	0.1356101375386368	-0.0236516483294616	0.0966188025015158	COMPUTED	-0.0069843027197173	0.0141553368456038	COMPUTED_NO_OUTLIER	True	0.0	0.0961566686599282	0.0008743209525678
ret_inl_elm_left__sys_stroke_megastroke2018	ret_inl_elm_left_to_sys_stroke_megastroke2018	76	72.65401465527444	0.5552642166315518	0.000792440171532	0.5873554789319204	-0.0231527876647476	0.250871578111451	-0.0109873612771503	0.5858187787357204	COMPUTED	0.0028610511900385	0.0177825825771368	COMPUTED_NO_OUTLIER	True	0.0	0.1300422171434702	0.00405387304295
ret_inl_elm_left__sys_stroke_megastroke2018	sys_stroke_megastroke2018_to_ret_inl_elm_left	7	7.622141420005009	0.2671132554281554	-0.0477882367838127	0.0441969479861086	0.0724450381679389	0.0783407953516645	0.1217892455360892	0.0030819209580821	COMPUTED	0.0574174333649351	0.122668675690816	COMPUTED_NO_OUTLIER	True	2.6744648722910286e-75	0.0126013954123037	0.0002584276135632
ret_inl_elm_left__sys_t2d_scott2017	ret_inl_elm_left_to_sys_t2d_scott2017	68	75.4244456529842	0.224713616379616	0.0029240671835007	0.142868694248867	-0.0794797188491336	0.0018243573358975	-0.0480940042197608	0.0592425744248568	COMPUTED	-0.0282660822918126	-0.0124113654090426	COMPUTED_NO_OUTLIER	True	0.0	0.1209602425936673	0.0067326178787599
ret_inl_elm_left__sys_t2d_scott2017	sys_t2d_scott2017_to_ret_inl_elm_left	28	39.97491218199017	0.0515144242259018	-0.001375947924872	0.4160029444063251	-0.0767120224719101	3.9548149871685766e-10	-0.0805905713236722	4.9612823699214045e-11	COMPUTED	-0.0259950108843429	-0.010679720931152	COMPUTED_NO_OUTLIER	NA	NA	NA	NA
ret_inl_elm_left__sys_ckd_wuttke2019	ret_inl_elm_left_to_sys_ckd_wuttke2019	76	106.63157918907694	0.009595196785104	0.0017478150706317	0.3178900981066389	0.0262628636197137	0.1636045178488153	0.0172180103674925	0.3610910940011415	COMPUTED	-0.0258966724587558	-0.0072443212161414	COMPUTED_NO_OUTLIER	True	0.0	0.1300763667257709	0.0064061314864928
ret_inl_elm_left__sys_ckd_wuttke2019	sys_ckd_wuttke2019_to_ret_inl_elm_left	16	24.82818023413958	0.0522990635413422	0.0009028887331321	0.7627452840934595	0.0397018775145283	0.0482847061035755	0.0159680954314132	0.4270287552145128	COMPUTED	-0.0326361571509846	0.002528413400575	COMPUTED_NO_OUTLIER	True	0.0	0.050369252914	0.0005630727741615
ret_inl_elm_left__sys_ad_kunkle2019	ret_inl_elm_left_to_sys_ad_kunkle2019	78	74.30273398423753	0.5659333897188918	0.0005299863892349	0.7971482252497412	-0.0221160956797589	0.440136198714028	0.0269581299530161	0.3467178501333043	COMPUTED	-0.012955672446375	0.0097344275517403	COMPUTED_NO_OUTLIER	True	0.0	0.1330996523514594	0.0085903330821934
ret_inl_elm_left__sys_ad_kunkle2019	sys_ad_kunkle2019_to_ret_inl_elm_left	18	40.370169722344315	0.0011472754086017	-0.0016431505181379	0.5787557745769636	-0.0120626748161193	0.1180609409570838	-0.0086296407488175	0.2635049723728663	COMPUTED	0.0069889377095553	0.0214573643315156	COMPUTED_NO_OUTLIER	True	0.0	0.3346634975276982	0.0009003937512289
ret_inl_elm_left__sys_pd_nalls2019_clinical	ret_inl_elm_left_to_sys_pd_nalls2019_clinical	73	92.452105097565	0.0526443158951078	0.0038090686461877	0.3196908991892085	0.0209073803052477	0.638832085744724	0.018873583194839	0.6718011384892928	COMPUTED	-0.0490839622734801	-0.0115090390469577	COMPUTED_NO_OUTLIER	True	8.380021870078023e-164	0.1219090543786597	0.0251489083338533
ret_inl_elm_left__sys_pd_nalls2019_clinical	sys_pd_nalls2019_clinical_to_ret_inl_elm_left	10	66.03409369922791	9.075284967963172e-11	0.0071174469213797	0.4386189402022757	0.0112883747609942	0.4323884742723584	0.0238762767445716	0.0967928643777394	COMPUTED	-0.0565659870352134	-0.0060447109692304	COMPUTED_NO_OUTLIER	True	0.0	0.1236095278382324	0.0026811651084219
ret_inl_elm_left__sys_sle_bentham2015	ret_inl_elm_left_to_sys_sle_bentham2015	64	59.51225384417752	0.6013819039418906	-0.0026558469254056	0.5431665168315349	-0.1021445778989171	0.0896436505438175	-0.075259083317047	0.2111027433436019	COMPUTED	-0.049638694454227	-0.0084779755981831	COMPUTED_NO_OUTLIER	True	7.687393590910539e-83	0.1164279532161664	0.0273891055455538
ret_inl_elm_left__sys_sle_bentham2015	sys_sle_bentham2015_to_ret_inl_elm_left	28	38.667780384338926	0.0678972122724275	0.000965296262985	0.6407902610988137	0.0096081676212429	0.0261260837967384	0.0059790882342997	0.1663018601244607	COMPUTED	0.005400428039885	0.0093766723594626	COMPUTED_NO_OUTLIER	True	0.0	0.999998000001	0.0008939790068223
ret_inl_elm_left__sys_ibd_delange2017	ret_inl_elm_left_to_sys_ibd_delange2017	60	99.6908872246122	0.0007366359251408	0.0064142398149165	0.0356042161581516	0.0286818115846873	0.2855979886725996	0.0354317301906128	0.1871260675162104	COMPUTED	-0.0060687404990365	0.019074838379714	COMPUTED_NO_OUTLIER	True	0.0	0.1114597512980048	0.0114699168838325
ret_inl_elm_left__sys_ibd_delange2017	sys_ibd_delange2017_to_ret_inl_elm_left	90	111.02649626394717	0.056983914784674	0.0010853358038453	0.2208639125882259	0.0099428208386277	0.1158001012984905	0.0224033108622365	0.0003948291981527	COMPUTED	-0.0041897644532075	0.0003954153057714	COMPUTED_NO_OUTLIER	NA	NA	NA	NA
ret_elm_isos_left__sys_cad_nikpay2015	ret_elm_isos_left_to_sys_cad_nikpay2015	20	25.181208411833502	0.1546635814875119	0.0020798170192216	0.4967923207706992	0.08130081300813	0.0753126516748751	0.0459954223885817	0.3143161942352849	COMPUTED	0.0353050370653804	0.0714681434122244	COMPUTED_NO_OUTLIER	True	5.582959495007718e-101	0.0213013390402756	0.0014245691993286
ret_elm_isos_left__sys_cad_nikpay2015	sys_cad_nikpay2015_to_ret_elm_isos_left	30	48.06665683988	0.014465596708726	-0.0002451875258954	0.9081704339539252	0.0005734949043238	0.9676747373556396	0.006038849348053	0.6695814978552008	COMPUTED	-0.0273084910430019	-0.0115767370361678	COMPUTED_NO_OUTLIER	True	0.0	0.0961566686599282	0.0013101127727911
ret_elm_isos_left__sys_stroke_megastroke2018	ret_elm_isos_left_to_sys_stroke_megastroke2018	20	19.631507224123823	0.4170503023253035	0.0063016960310753	0.0098208884847169	-0.0359313804367693	0.4646651098998313	0.0004952915929898	0.9919582964709514	COMPUTED	-0.0053748702631048	0.0303532455571518	COMPUTED_NO_OUTLIER	True	1.4915449636138537e-103	0.0213013390402756	0.0010649443894919
ret_elm_isos_left__sys_stroke_megastroke2018	sys_stroke_megastroke2018_to_ret_elm_isos_left	7	8.502183912670882	0.203570461135641	0.0177872572323612	0.5936231652673387	-0.0177280757097791	0.6625889402470131	-0.0306547456033687	0.4505454539102215	COMPUTED	-0.0294417711736248	0.0279438818779796	COMPUTED_NO_OUTLIER	True	2.9239786986352106e-78	0.0126013954123037	0.0001883203768314
ret_elm_isos_left__sys_t2d_scott2017	ret_elm_isos_left_to_sys_t2d_scott2017	19	25.27967871349406	0.117404275943882	0.0028493167507393	0.4870551076423386	0.0076995334082754	0.8992536670471741	-0.1236017423037316	0.0421135871134707	COMPUTED	-0.0262207026168859	0.0351109131771571	COMPUTED_NO_OUTLIER	True	4.229064160541231e-71	0.0205436966115928	0.0019835590546378
ret_elm_isos_left__sys_t2d_scott2017	sys_t2d_scott2017_to_ret_elm_isos_left	28	22.542107397035128	0.7093490645165645	0.000982634347434	0.4451071904439662	0.0192894137931034	0.1111712513214961	0.010015077963475	0.4082023824562287	COMPUTED	0.0145955161743244	0.0212203335370118	COMPUTED_NO_OUTLIER	NA	NA	NA	NA
ret_elm_isos_left__sys_ckd_wuttke2019	ret_elm_isos_left_to_sys_ckd_wuttke2019	19	34.008508017112455	0.0125650844563405	-0.0024242391144598	0.5125300948517568	-0.0521035234486696	0.2708140478658326	-0.0278131267526764	0.5566526143000701	COMPUTED	-0.0653125408196473	-0.0036920792308418	COMPUTED_NO_OUTLIER	True	1.0372298556387917e-89	0.0205436966115928	0.0016491984340129
ret_elm_isos_left__sys_ckd_wuttke2019	sys_ckd_wuttke2019_to_ret_elm_isos_left	16	24.95479470478453	0.0505538371578484	-0.0012812737372315	0.6636078285415202	0.0152222074468085	0.4461783495714028	0.0126201650002587	0.5276604265150829	COMPUTED	-0.0117524285234144	0.0070125647784464	COMPUTED_NO_OUTLIER	True	0.0	0.050369252914	0.000539873118213
ret_elm_isos_left__sys_ad_kunkle2019	ret_elm_isos_left_to_sys_ad_kunkle2019	20	24.52586943516193	0.1767475757755313	-0.0014422534472864	0.7542709967886958	-0.0575580977048708	0.4130035832285345	-0.0946370847870781	0.1783106074959056	COMPUTED	-0.0280093255351576	0.0233403279125641	COMPUTED_NO_OUTLIER	True	2.1990030343386512e-51	0.0213013390402756	0.002992199682063
ret_elm_isos_left__sys_ad_kunkle2019	sys_ad_kunkle2019_to_ret_elm_isos_left	18	11.01346315510188	0.8558632523135674	-0.0004352041996648	0.7719819880337115	0.0032800476535791	0.667532817919239	0.0016525969701325	0.8286644533301464	COMPUTED	-0.0040768011131232	0.0029159995348501	COMPUTED_NO_OUTLIER	True	0.0	0.3346634975276982	0.000230273790132
ret_elm_isos_left__sys_pd_nalls2019_clinical	ret_elm_isos_left_to_sys_pd_nalls2019_clinical	17	6.8960152640427985	0.975213629104942	0.0014606217630997	0.7174624895588164	0.2309860022482637	0.0337501143370532	0.1474977476601033	0.1751993605127483	COMPUTED	0.1350832281330612	0.1904581852418402	COMPUTED_NO_OUTLIER	True	6.26883776212739e-34	0.01881651431397	0.0021883599582557
ret_elm_isos_left__sys_pd_nalls2019_clinical	sys_pd_nalls2019_clinical_to_ret_elm_isos_left	10	27.853551793562545	0.0010091141309541	0.0055039828025159	0.2265608052588203	-0.0391128107074569	0.0040181779971644	0.0053217226799375	0.6954938222265608	COMPUTED	-0.0231610788958641	0.0020236053146149	COMPUTED_NO_OUTLIER	True	0.0	0.1236095278382324	0.0007293141444445
ret_elm_isos_left__sys_sle_bentham2015	ret_elm_isos_left_to_sys_sle_bentham2015	17	36.21110364245386	0.0027043642715306	-0.0010854587406276	0.9351386175014204	-0.2658356917902765	0.0751930718828529	-0.0822463050756212	0.5819840679550055	COMPUTED	-0.1499585649884876	0.0475913368919368	COMPUTED_NO_OUTLIER	True	0.4366151069827918	0.0192447696910237	0.0172275603220181
ret_elm_isos_left__sys_sle_bentham2015	sys_sle_bentham2015_to_ret_elm_isos_left	28	28.52020078837653	0.3845408822267311	-0.0012620724948263	0.4666556448085218	-0.0027253246030283	0.5246501820539111	-0.0010988443241127	0.7975556951760374	COMPUTED	-0.0073257554894402	0.0002108891495309	COMPUTED_NO_OUTLIER	True	0.0	0.999998000001	0.0005188170638271
ret_elm_isos_left__sys_ibd_delange2017	ret_elm_isos_left_to_sys_ibd_delange2017	16	23.6237686998914	0.0717642302054222	0.0007407109724035	0.8823084924146002	0.0746456579610043	0.2658842164792064	0.0309553927348036	0.6445195471321392	COMPUTED	-0.045904144411602	0.0273848074604944	COMPUTED_NO_OUTLIER	True	1.9927646802395176e-46	0.0175629099482589	0.0021182725249942
ret_elm_isos_left__sys_ibd_delange2017	sys_ibd_delange2017_to_ret_elm_isos_left	90	129.1071245334271	0.0035318602662754	0.0003547990091609	0.7163984517478005	0.0068295767465578	0.2777515834207188	0.0073640852720366	0.2418680572251097	COMPUTED	-0.0002223386357629	0.004157619322059	COMPUTED_NO_OUTLIER	NA	NA	NA	NA
ret_isos_rpe_left__sys_cad_nikpay2015	ret_isos_rpe_left_to_sys_cad_nikpay2015	48	80.1540146669447	0.0018337547818978	-0.0008369683728148	0.7111912327970138	0.0400010078994116	0.1054852155505066	0.0616537986090126	0.0125920648371903	COMPUTED	0.0022468052505345	0.023258408434692	COMPUTED_NO_OUTLIER	True	0.0	0.0761666956215758	0.0039489085447346
ret_isos_rpe_left__sys_cad_nikpay2015	sys_cad_nikpay2015_to_ret_isos_rpe_left	30	53.61038744762423	0.0035860022861219	0.0021136738017835	0.3327355050348288	-0.006051157956784	0.6728440595874772	-0.0051171681530702	0.7210361003288079	COMPUTED	0.0029996495254944	0.0171327552188052	COMPUTED_NO_OUTLIER	True	0.0	0.0961566686599282	0.0012949985609456
ret_isos_rpe_left__sys_stroke_megastroke2018	ret_isos_rpe_left_to_sys_stroke_megastroke2018	46	57.658548229224955	0.0976148267711163	-0.000311841673274	0.8836207017261881	-0.0266347050206418	0.3255045846834347	-0.0354595386017753	0.190543142430839	COMPUTED	0.0007150433355939	0.0297882053733987	COMPUTED_NO_OUTLIER	True	0.0	0.0723956160965261	0.0032227053178551
ret_isos_rpe_left__sys_stroke_megastroke2018	sys_stroke_megastroke2018_to_ret_isos_rpe_left	7	6.903753596113581	0.329839863860587	0.0150670649126028	0.614289284153621	-0.0211719242902208	0.6050982018788553	0.0101690159311232	0.8038571067386215	COMPUTED	-0.0470556658342177	0.0085670619936159	COMPUTED_NO_OUTLIER	True	1.3244798498680914e-79	0.0126013954123037	0.0001695766572166
ret_isos_rpe_left__sys_t2d_scott2017	ret_isos_rpe_left_to_sys_t2d_scott2017	43	62.33975772980845	0.0223507746045529	0.0023349224658991	0.4099705784698555	0.1007677904029959	0.0029672771271699	0.1449518537130716	1.921165077080926e-05	COMPUTED	0.0427906600151478	0.0784357266914978	COMPUTED_NO_OUTLIER	True	5.677600742937082e-262	0.0678483827140836	0.0053797195516141
ret_isos_rpe_left__sys_t2d_scott2017	sys_t2d_scott2017_to_ret_isos_rpe_left	28	46.00018298798362	0.0127223431896937	-0.0024083739296911	0.1964546325553713	0.0002179796551724	0.9858988952484752	0.0120047539368273	0.3303749757868527	COMPUTED	-0.0241386716800698	-0.0110488788632764	COMPUTED_NO_OUTLIER	NA	NA	NA	NA
ret_isos_rpe_left__sys_ckd_wuttke2019	ret_isos_rpe_left_to_sys_ckd_wuttke2019	48	56.73731599146547	0.1562414925428019	-0.0005789331023363	0.7554114395325044	0.0146985330863979	0.5471270608477916	0.0336616182571662	0.1679493460663239	COMPUTED	-0.0154956978134176	-0.0002912977454221	COMPUTED_NO_OUTLIER	True	0.0	0.0761666956215758	0.0026901888904313
ret_isos_rpe_left__sys_ckd_wuttke2019	sys_ckd_wuttke2019_to_ret_isos_rpe_left	16	10.188916069190933	0.8076912487823318	0.0007965273410127	0.6676159607530154	-0.0345939204291461	0.0851890487613914	-0.0366390982231257	0.0682874216995205	COMPUTED	-0.0386524107799859	-0.0244231349239775	COMPUTED_NO_OUTLIER	True	0.0	0.050369252914	0.0002609508280089
ret_isos_rpe_left__sys_ad_kunkle2019	ret_isos_rpe_left_to_sys_ad_kunkle2019	48	41.110560048600966	0.7140586515498932	0.0029192227455261	0.2161281115780551	-0.0085765959705007	0.8196253132619087	0.0162950748188954	0.6648411615705798	COMPUTED	-0.0197493801629896	0.0088161667791804	COMPUTED_NO_OUTLIER	True	1.4257927940594423e-273	0.0761666956215758	0.0045519933246104
ret_isos_rpe_left__sys_ad_kunkle2019	sys_ad_kunkle2019_to_ret_isos_rpe_left	18	26.1212448447188	0.0722797256932644	0.0054801065969553	0.0071025928109252	0.0107416347249559	0.1655235917277622	0.0134540395156178	0.0824048615095679	COMPUTED	0.0122333829579639	0.0255913178296489	COMPUTED_NO_OUTLIER	True	0.0	0.3346634975276982	0.0006802372156263
ret_isos_rpe_left__sys_pd_nalls2019_clinical	ret_isos_rpe_left_to_sys_pd_nalls2019_clinical	46	54.49867332770901	0.1568315159971144	-0.0083720847892527	0.0526415783620119	-0.0235856389188771	0.6846127768620935	0.0511017722020366	0.3788366478128436	COMPUTED	0.0421243442903153	0.0875627951717977	COMPUTED_NO_OUTLIER	True	5.355243074669433e-91	0.0722636732888547	0.0151599879039406
ret_isos_rpe_left__sys_pd_nalls2019_clinical	sys_pd_nalls2019_clinical_to_ret_isos_rpe_left	10	13.276218620138778	0.1505007850416932	0.0047470903683978	0.0998508766915522	-0.0015309921082299	0.910054347341041	0.0038014484234306	0.7790907667264714	COMPUTED	-0.0216865159338298	-0.0064507797726834	COMPUTED_NO_OUTLIER	True	0.0	0.1236095278382324	0.0003478343929401
ret_isos_rpe_left__sys_sle_bentham2015	ret_isos_rpe_left_to_sys_sle_bentham2015	40	72.78652265129179	0.0008287842546673	0.000546725480953	0.9462255824545448	0.1034794519270181	0.1988991301434092	0.0469099767218779	0.5603067373134658	COMPUTED	0.0104670192123316	0.0825935562438529	COMPUTED_NO_OUTLIER	True	1.9453684522353463e-11	0.0613665704819174	0.0343019529411243
ret_isos_rpe_left__sys_sle_bentham2015	sys_sle_bentham2015_to_ret_isos_rpe_left	28	35.180329886413865	0.1343565049556321	-0.0030156743084322	0.1231518157418244	-0.0080891680666207	0.0621974316082692	-0.0055124601018488	0.2037825181363391	COMPUTED	-0.0042073280814298	-0.0003765771686959	COMPUTED_NO_OUTLIER	True	0.0	0.999998000001	0.0007922991137155
ret_isos_rpe_left__sys_ibd_delange2017	ret_isos_rpe_left_to_sys_ibd_delange2017	42	66.87172199376879	0.0065371000881402	0.0013974453627699	0.6500281330735397	0.0598311053369345	0.0843787420634349	0.0672220725764605	0.0524991413541857	COMPUTED	0.0265246278770098	0.0587523869907969	COMPUTED_NO_OUTLIER	True	2.0097192213114183e-213	0.0672016664644135	0.0056622664184622
ret_isos_rpe_left__sys_ibd_delange2017	sys_ibd_delange2017_to_ret_isos_rpe_left	90	138.52730769083368	0.0006102210715973	-0.000742386508454	0.4961577140209048	-0.0113906976744186	0.0737305358653953	-0.0109423317521202	0.0858165471150324	COMPUTED	-0.0045859718140471	0.0003373140710442	COMPUTED_NO_OUTLIER	NA	NA	NA	NA
ret_macular_total_left__sys_cad_nikpay2015	ret_macular_total_left_to_sys_cad_nikpay2015	61	72.99087411989409	0.1210808158789069	0.0037025651762647	0.0219959335914638	0.00163475450497	0.9501585284871598	0.0164080941625623	0.5304021642109094	COMPUTED	-0.0072511346305444	0.0114292806868805	COMPUTED_NO_OUTLIER	True	0.0	0.0719048040758265	0.0040510478788775
ret_macular_total_left__sys_cad_nikpay2015	sys_cad_nikpay2015_to_ret_macular_total_left	30	50.680199460992256	0.007621513347494	0.0010579788978362	0.6152897959316791	-0.0261470245483054	0.0643484153170244	-0.0459899249539502	0.0011397900662551	COMPUTED	-0.0042609816007635	0.0112095207978577	COMPUTED_NO_OUTLIER	True	0.0	0.0961566686599282	0.0011624989444597
ret_macular_total_left__sys_stroke_megastroke2018	ret_macular_total_left_to_sys_stroke_megastroke2018	60	55.80393813330254	0.5940621200216135	0.0011467210051183	0.4569143333947634	-0.0153357245703867	0.5826847565425528	-0.0068752193823224	0.8054237790429908	COMPUTED	0.0023130454403446	0.0220333346592883	COMPUTED_NO_OUTLIER	True	0.0	0.0704161532052067	0.0031398335719012
ret_macular_total_left__sys_stroke_megastroke2018	sys_stroke_megastroke2018_to_ret_macular_total_left	7	4.924062053466542	0.553589065950131	-0.0316605125469506	0.1271679281784473	0.1294615491009682	0.0014896318830871	0.1440591610210508	0.0004079473427904	COMPUTED	0.0812681399590487	0.129866616682894	COMPUTED_NO_OUTLIER	True	1.4577862295801978e-76	0.0126013954123037	0.0002305760261201
ret_macular_total_left__sys_t2d_scott2017	ret_macular_total_left_to_sys_t2d_scott2017	56	65.12525449108361	0.1649020255380106	0.0017096398744005	0.4384454635842796	0.0068158775868385	0.8434791229673879	-0.0052276883326252	0.8796302901876852	COMPUTED	0.0132271603401654	0.0378403543895439	COMPUTED_NO_OUTLIER	True	1.1423711207030744e-258	0.0683261592942086	0.0057533152536715
ret_macular_total_left__sys_t2d_scott2017	sys_t2d_scott2017_to_ret_macular_total_left	28	52.57299481734088	0.002265333539614	-0.0009361726311644	0.6519296650972137	-0.0653347058823529	8.680658152237355e-08	-0.0454708063549633	0.0001952548789452	COMPUTED	-0.0340407294580575	-0.0180433989477311	COMPUTED_NO_OUTLIER	NA	NA	NA	NA
ret_macular_total_left__sys_ckd_wuttke2019	ret_macular_total_left_to_sys_ckd_wuttke2019	54	88.70912257013417	0.0015290427046271	0.0027667066560963	0.2017597472732407	0.0349524064731856	0.1904835682364587	0.0227316454748951	0.3945368132025689	COMPUTED	-0.0638820973859474	-0.0309964072127974	COMPUTED_NO_OUTLIER	True	5.3201425233566095e-294	0.0652901877757012	0.0052838659380841
ret_macular_total_left__sys_ckd_wuttke2019	sys_ckd_wuttke2019_to_ret_macular_total_left	16	12.72016097144264	0.6239026183139664	-0.0004137771522419	0.8427338593244399	0.0158545820295037	0.4241755107207746	0.0016912408459769	0.9320609623243492	COMPUTED	-0.019016983062958	-0.0004616044911096	COMPUTED_NO_OUTLIER	True	0.0	0.050369252914	0.0002696246660703
ret_macular_total_left__sys_ad_kunkle2019	ret_macular_total_left_to_sys_ad_kunkle2019	60	67.44993815042127	0.2106149276999912	-0.0002658782085246	0.913769865173485	-0.0123570953411691	0.7556216063019867	0.0634333586490472	0.1101137029915915	COMPUTED	-0.0063872083053064	0.0232291010049457	COMPUTED_NO_OUTLIER	True	6.2806434310516065e-195	0.0713164198112464	0.0084271444989318
ret_macular_total_left__sys_ad_kunkle2019	sys_ad_kunkle2019_to_ret_macular_total_left	18	20.653661663874985	0.2421663070355776	0.0010827691536938	0.6025963592276005	-0.000878545529887	0.9083214425092236	-0.0017201168549333	0.8216170404509979	COMPUTED	0.0017034248564512	0.0141309945859511	COMPUTED_NO_OUTLIER	True	0.0	0.3346634975276982	0.0004382946495588
ret_macular_total_left__sys_pd_nalls2019_clinical	ret_macular_total_left_to_sys_pd_nalls2019_clinical	53	50.638906861391256	0.5275347035356979	0.0051594336497819	0.157788517474498	-0.0393684753539768	0.5149735961843706	-0.1017862466323951	0.0922905633284748	COMPUTED	-0.0898767161015184	-0.0466645439823002	COMPUTED_NO_OUTLIER	True	1.8573040620052346e-74	0.0649744645897403	0.0151570974952016
ret_macular_total_left__sys_pd_nalls2019_clinical	sys_pd_nalls2019_clinical_to_ret_macular_total_left	10	55.61523807084542	9.296085679011412e-09	0.0046367634826482	0.5465168474314632	-0.0156514340344168	0.2673713870904958	0.0069147335587946	0.6241257914466244	COMPUTED	-0.0490157929787168	-0.0070620635593131	COMPUTED_NO_OUTLIER	True	0.0	0.1236095278382324	0.0018565305866526
ret_macular_total_left__sys_sle_bentham2015	ret_macular_total_left_to_sys_sle_bentham2015	52	68.74623074581558	0.0493583356481213	-0.0017918378939026	0.7480893782039438	0.0423876481523352	0.586078047200151	0.104203717321158	0.1806874254410019	COMPUTED	-0.146780916793365	-0.0736874706190085	COMPUTED_NO_OUTLIER	True	4.578579969608647e-15	0.0631417731683776	0.031776622044334
ret_macular_total_left__sys_sle_bentham2015	sys_sle_bentham2015_to_ret_macular_total_left	28	23.462339683758984	0.6599431295278083	0.0008668102624405	0.582437515183305	-0.0023204337244144	0.5867036806659685	-0.0038575689518696	0.3661380810227489	COMPUTED	-0.002882464435843	0.0008400703284057	COMPUTED_NO_OUTLIER	True	0.0	0.999998000001	0.0004738566298991
ret_macular_total_left__sys_ibd_delange2017	ret_macular_total_left_to_sys_ibd_delange2017	44	74.4000578644216	0.0020805272053059	0.0004691474071086	0.8791863278975544	0.0465165450893329	0.2347654607127064	0.0319624292520308	0.4142619120188139	COMPUTED	-0.0050269889800367	0.0310245482246296	COMPUTED_NO_OUTLIER	True	4.781650558009844e-144	0.0541735296933986	0.0066462078699275
ret_macular_total_left__sys_ibd_delange2017	sys_ibd_delange2017_to_ret_macular_total_left	90	95.9553925077991	0.288417453941548	0.0013619780145995	0.0934862945252503	-0.003920720583764	0.5311187214894513	0.0052982361821196	0.3973604910217826	COMPUTED	-0.0025999783498311	0.000378345216072	COMPUTED_NO_OUTLIER	NA	NA	NA	NA
